,datetime,time,Amount_HYPE_HyperEVM,price_HYPE_HyperEVM,price_HYPE_HyperCORE,delta_USD,arb_profit,block_number
304,2025-03-22 10:53:42+00:00,2025-03-22 10:53:42.024677500+00:00,1.56,16.3766922,16.408,0.03130780000000044,0.04884016800000069,1441798
305,2025-03-22 10:54:34+00:00,2025-03-22 10:54:41.006340302+00:00,2.63213545,16.3766922,16.397,0.020307799999997656,0.05345288029150382,1441825
306,2025-03-22 10:54:52+00:00,2025-03-22 10:54:54.290160235+00:00,6.5764,16.3766922,16.396,0.019307799999999986,0.1269758159199999,1441834
308,2025-03-22 10:57:46+00:00,2025-03-22 10:57:47.860555049+00:00,9.76011367,16.19122041,16.195,0.00377959000000061,0.03688922802600126,1441924
309,2025-03-22 10:58:10+00:00,2025-03-22 10:58:11.095558768+00:00,1.0749446245533956,16.19122041,16.2,0.008779589999999615,0.009437573076282332,1441937
310,2025-03-22 10:59:12+00:00,2025-03-22 10:59:12.034687455+00:00,0.69,16.19122041,16.199,0.007779590000001946,0.005367917100001342,1441969
312,2025-03-22 11:02:32+00:00,2025-03-22 11:02:32.043131213+00:00,30.0,16.19122041,16.272,0.08077958999999879,2.4233876999999637,1442072
313,2025-03-22 11:05:20+00:00,2025-03-22 11:05:21.025920381+00:00,10.0,16.19122041,16.285,0.09377959000000047,0.9377959000000047,1442159
314,2025-03-22 11:05:48+00:00,2025-03-22 11:05:49.361626285+00:00,1.51997606,16.19122041,16.287,0.09577958999999936,0.14558268383661443,1442173
315,2025-03-22 11:05:52+00:00,2025-03-22 11:05:59.085446355+00:00,0.4779592,16.19122041,16.287,0.09577958999999936,0.04577873621272769,1442175
316,2025-03-22 11:07:16+00:00,2025-03-22 11:07:21.047631712+00:00,306.9,16.19122041,16.285,0.09377959000000047,28.780956171000142,1442219
317,2025-03-22 11:08:10+00:00,2025-03-22 11:08:10.508174701+00:00,5.0,16.19122041,16.271,0.07977959000000112,0.3988979500000056,1442247
321,2025-03-22 11:21:52+00:00,2025-03-22 11:21:52.538492161+00:00,1.0,16.09942472,16.1,0.0005752800000031755,0.0005752800000031755,1442671
322,2025-03-22 11:22:16+00:00,2025-03-22 11:22:16.812051584+00:00,21.556791790000002,16.09942472,16.1,0.0005752800000031755,0.012401191181019655,1442684
323,2025-03-22 11:27:58+00:00,2025-03-22 11:27:59.061250646+00:00,80.0,16.09942472,16.119,0.019575280000001527,1.5660224000001222,1442860
341,2025-03-22 11:58:40+00:00,2025-03-22 11:58:41.724404764+00:00,0.1,16.01431915,16.019,0.004680849999999737,0.0004680849999999737,1443812
342,2025-03-22 11:59:08+00:00,2025-03-22 11:59:12.001416732+00:00,17.0,16.01431915,16.029,0.0146808500000013,0.2495744500000221,1443827
343,2025-03-22 12:00:24+00:00,2025-03-22 12:00:31.034353762+00:00,150.0,16.01431915,16.061,0.04668085000000133,7.002127500000199,1443866
344,2025-03-22 12:01:12+00:00,2025-03-22 12:01:12.024679609+00:00,1.0,16.01431915,16.05,0.035680850000002096,0.035680850000002096,1443891
345,2025-03-22 12:01:32+00:00,2025-03-22 12:01:32.110199010+00:00,74.0,16.01431915,16.033,0.018680850000002636,1.382382900000195,1443901
346,2025-03-22 12:04:00+00:00,2025-03-22 12:04:02.005028002+00:00,13.0,16.01431915,16.029,0.0146808500000013,0.1908510500000169,1443978
347,2025-03-22 12:06:08+00:00,2025-03-22 12:06:12.022586350+00:00,10.0,16.01431915,16.051,0.036680849999999765,0.36680849999999765,1444044
348,2025-03-22 12:08:10+00:00,2025-03-22 12:08:12.128066368+00:00,10.0,16.01431915,16.05,0.035680850000002096,0.35680850000002096,1444107
349,2025-03-22 12:09:30+00:00,2025-03-22 12:09:32.057634723+00:00,10.0,16.01431915,16.1,0.0856808500000028,0.8568085000000281,1444148
350,2025-03-22 12:10:52+00:00,2025-03-22 12:11:03.584769656+00:00,10.0,16.01431915,16.094,0.07968085000000258,0.7968085000000258,1444190
351,2025-03-22 12:10:58+00:00,2025-03-22 12:11:03.584769656+00:00,1.1697,16.01431915,16.094,0.07968085000000258,0.09320269024500301,1444193
352,2025-03-22 12:12:08+00:00,2025-03-22 12:12:08.173740094+00:00,10.0,16.01431915,16.111,0.09668085000000204,0.9668085000000204,1444230
353,2025-03-22 12:13:08+00:00,2025-03-22 12:13:12.104500382+00:00,10.0,16.01431915,16.09,0.07568085000000124,0.7568085000000124,1444261
354,2025-03-22 12:14:06+00:00,2025-03-22 12:14:12.053199114+00:00,10.0,16.01431915,16.095,0.08068085000000025,0.8068085000000025,1444291
355,2025-03-22 12:15:10+00:00,2025-03-22 12:15:12.015858215+00:00,10.0,16.01431915,16.103,0.08868085000000292,0.8868085000000292,1444324
356,2025-03-22 12:16:10+00:00,2025-03-22 12:16:11.964973781+00:00,10.0,16.01431915,16.083,0.0686808499999998,0.6868084999999979,1444355
357,2025-03-22 12:16:20+00:00,2025-03-22 12:16:21.096889340+00:00,10.4,16.01431915,16.071,0.05668085000000289,0.5894808400000301,1444360
358,2025-03-22 12:17:16+00:00,2025-03-22 12:17:21.094604595+00:00,10.0,16.01431915,16.04,0.025680850000000532,0.2568085000000053,1444389
359,2025-03-22 12:17:46+00:00,2025-03-22 12:17:48.246013520+00:00,2.52557045,16.01431915,16.046,0.03168085000000076,0.08001221859088442,1444404
360,2025-03-22 12:18:12+00:00,2025-03-22 12:18:12.113840707+00:00,4.40888295,16.01431915,16.04,0.025680850000000532,0.11322386170650985,1444418
361,2025-03-22 12:18:50+00:00,2025-03-22 12:18:51.000240299+00:00,10.47,16.01431915,16.048,0.03368084999999965,0.35263849949999637,1444437
372,2025-03-22 12:39:00+00:00,2025-03-22 12:39:02.108378837+00:00,0.7,16.01431915,16.027,0.012680850000002408,0.008876595000001685,1445062
373,2025-03-22 12:39:48+00:00,2025-03-22 12:39:51.019181266+00:00,10.0,16.01431915,16.03,0.015680850000002522,0.15680850000002522,1445087
374,2025-03-22 12:41:58+00:00,2025-03-22 12:41:59.122042530+00:00,70.99999775,16.01431915,16.092,0.07768085000000013,5.515340175218097,1445154
375,2025-03-22 12:42:56+00:00,2025-03-22 12:43:02.067621344+00:00,10.0,16.01431915,16.125,0.11068085000000139,1.1068085000000139,1445184
376,2025-03-22 12:44:32+00:00,2025-03-22 12:44:32.007751302+00:00,10.0,16.01431915,16.122,0.10768085000000127,1.0768085000000127,1445234
377,2025-03-22 12:45:40+00:00,2025-03-22 12:45:41.785373284+00:00,10.0,16.01431915,16.099,0.08468085000000158,0.8468085000000158,1445269
378,2025-03-22 12:46:54+00:00,2025-03-22 12:47:02.147100768+00:00,10.0,16.01431915,16.098,0.08368085000000036,0.8368085000000036,1445307
379,2025-03-22 12:49:28+00:00,2025-03-22 12:49:32.040958527+00:00,0.53,16.01431915,16.092,0.07768085000000013,0.04117085050000007,1445387
380,2025-03-22 12:49:36+00:00,2025-03-22 12:49:37.948654443+00:00,10.0,16.01431915,16.095,0.08068085000000025,0.8068085000000025,1445391
381,2025-03-22 12:51:12+00:00,2025-03-22 12:51:12.047097522+00:00,191.0,16.01431915,16.101,0.08668085000000048,16.55604235000009,1445441
382,2025-03-22 12:51:50+00:00,2025-03-22 12:51:51.066552010+00:00,5.00993194,16.01431915,16.106,0.09168085000000303,0.45931481870136426,1445460
383,2025-03-22 12:55:58+00:00,2025-03-22 12:56:02.065198091+00:00,10.0,16.01431915,16.081,0.0666808500000009,0.666808500000009,1445588
384,2025-03-22 12:56:54+00:00,2025-03-22 12:57:02.046626163+00:00,33.99806652,16.01431915,16.055,0.0406808500000011,1.3830702443901794,1445617
385,2025-03-22 13:03:20+00:00,2025-03-22 13:03:26.761429746+00:00,10.0,16.04695832,16.107,0.060041679999997655,0.6004167999999765,1445817
386,2025-03-22 13:03:24+00:00,2025-03-22 13:03:26.761429746+00:00,1.539,16.04695832,16.107,0.060041679999997655,0.09240414551999639,1445819
387,2025-03-22 13:03:44+00:00,2025-03-22 13:03:46.027037696+00:00,6.0,16.04695832,16.118,0.07104167999999689,0.4262500799999813,1445829
388,2025-03-22 13:04:08+00:00,2025-03-22 13:04:12.107866014+00:00,6.1,16.04695832,16.125,0.07804167999999834,0.47605424799998985,1445842
389,2025-03-22 13:04:18+00:00,2025-03-22 13:04:21.019068184+00:00,10.0,16.04695832,16.129,0.08204167999999967,0.8204167999999967,1445847
390,2025-03-22 13:05:30+00:00,2025-03-22 13:05:32.021866835+00:00,10.0,16.04695832,16.149,0.10204167999999925,1.0204167999999925,1445884
391,2025-03-22 13:06:24+00:00,2025-03-22 13:06:24.277659886+00:00,33.99806383,16.04695832,16.141,0.09404167999999657,3.1972350393203177,1445912
392,2025-03-22 13:06:42+00:00,2025-03-22 13:06:42.027132834+00:00,10.0,16.04695832,16.115,0.06804167999999677,0.6804167999999677,1445921
393,2025-03-22 13:06:44+00:00,2025-03-22 13:06:44.371977335+00:00,14.0,16.04695832,16.115,0.06804167999999677,0.9525835199999548,1445922
394,2025-03-22 13:07:38+00:00,2025-03-22 13:07:38.253428116+00:00,1.2687003956834142,16.04695832,16.096,0.04904167999999842,0.06221919882097738,1445950
395,2025-03-22 13:08:44+00:00,2025-03-22 13:08:46.036527270+00:00,9.83,16.04695832,16.104,0.05704167999999754,0.5607197143999758,1445984
396,2025-03-22 13:11:30+00:00,2025-03-22 13:11:32.050022591+00:00,21.0,16.04695832,16.073,0.026041679999998735,0.5468752799999734,1446070
407,2025-03-22 13:41:46+00:00,2025-03-22 13:41:51.067769054+00:00,5.45167792,15.88143091,15.926,0.044569089999999534,0.24297632386749024,1447008
408,2025-03-22 13:43:14+00:00,2025-03-22 13:43:21.054971572+00:00,86.0,15.88143091,15.967,0.0855690899999999,7.358941739999992,1447054
409,2025-03-22 13:47:30+00:00,2025-03-22 13:47:32.026900767+00:00,100.0,15.88143091,15.968,0.08656908999999935,8.656908999999935,1447186
410,2025-03-22 13:48:48+00:00,2025-03-22 13:48:51.052198271+00:00,1.43616632,15.88143091,15.981,0.09956908999999925,0.14299777357104773,1447226
411,2025-03-22 13:50:14+00:00,2025-03-22 13:50:21.035232993+00:00,1.1,15.88143091,15.926,0.044569089999999534,0.049025998999999494,1447271
412,2025-03-22 13:50:20+00:00,2025-03-22 13:50:21.035232993+00:00,81.0,15.88143091,15.926,0.044569089999999534,3.6100962899999622,1447274
413,2025-03-22 13:50:54+00:00,2025-03-22 13:50:57.049032600+00:00,3.7,15.88143091,15.948,0.06656908999999978,0.2463056329999992,1447291
414,2025-03-22 13:51:22+00:00,2025-03-22 13:51:27.027562325+00:00,1.0,15.88143091,15.953,0.07156908999999878,0.07156908999999878,1447306
415,2025-03-22 13:52:14+00:00,2025-03-22 13:52:21.024239400+00:00,105.0,15.88143091,15.953,0.07156908999999878,7.514754449999872,1447333
416,2025-03-22 13:53:08+00:00,2025-03-22 13:53:12.014684494+00:00,3.45374484,15.88143091,15.962,0.08056908999999912,0.27826507885099255,1447361
417,2025-03-22 13:56:32+00:00,2025-03-22 13:56:33.070525045+00:00,1.0,15.88143091,15.969,0.0875690899999988,0.0875690899999988,1447466
418,2025-03-22 14:00:00+00:00,2025-03-22 14:00:02.095769890+00:00,4.76414687,15.88143091,15.959,0.07756908999999901,0.3695505373322436,1447574
419,2025-03-22 14:00:32+00:00,2025-03-22 14:00:32.169150108+00:00,282.0,15.88143091,15.979,0.09756908999999858,27.5144833799996,1447590
420,2025-03-22 14:01:48+00:00,2025-03-22 14:01:50.928259453+00:00,63.8146,15.88143091,15.923,0.04156908999999942,2.652714850713963,1447629
421,2025-03-22 14:03:48+00:00,2025-03-22 14:03:51.061903598+00:00,3.68439973,15.88143091,15.914,0.03256908999999908,0.11999754640234231,1447691
422,2025-03-22 14:04:06+00:00,2025-03-22 14:04:12.024935358+00:00,7.0,15.88143091,15.919,0.03756908999999986,0.262983629999999,1447701
423,2025-03-22 14:04:34+00:00,2025-03-22 14:04:42.000235412+00:00,2.0,15.88143091,15.933,0.05156908999999921,0.10313817999999841,1447715
424,2025-03-22 14:05:36+00:00,2025-03-22 14:05:38.995329532+00:00,0.99962004,15.88143091,15.95,0.06856908999999867,0.06854303648856228,1447747
425,2025-03-22 14:06:54+00:00,2025-03-22 14:06:57.004776310+00:00,1.42946955,15.88143091,15.934,0.05256908999999865,0.07514591342620758,1447787
426,2025-03-22 14:11:12+00:00,2025-03-22 14:11:12.002551785+00:00,10.003,15.88143091,15.982,0.1005690899999987,1.005992607269987,1447921
427,2025-03-22 14:13:02+00:00,2025-03-22 14:13:02.038220500+00:00,10.0,15.88143091,15.995,0.1135690899999986,1.135690899999986,1447978
428,2025-03-22 14:13:34+00:00,2025-03-22 14:13:42.131584491+00:00,0.001,15.88143091,16.036,0.15456909000000074,0.00015456909000000074,1447994
429,2025-03-22 14:13:48+00:00,2025-03-22 14:13:51.004901615+00:00,10.0,15.88143091,16.032,0.1505690899999994,1.505690899999994,1448001
430,2025-03-22 14:14:38+00:00,2025-03-22 14:14:42.020200239+00:00,10.0,15.88143091,16.015,0.13356908999999995,1.3356908999999995,1448027
431,2025-03-22 14:16:16+00:00,2025-03-22 14:16:17.701151350+00:00,10.0,15.88143091,16.01,0.12856909000000094,1.2856909000000094,1448078
432,2025-03-22 14:16:34+00:00,2025-03-22 14:16:39.061291976+00:00,3.09328727,15.88143091,16.011,0.1295690899999986,0.40079441668248,1448087
433,2025-03-22 14:17:18+00:00,2025-03-22 14:17:21.035689351+00:00,0.21456,15.88143091,16.002,0.12056908999999827,0.02586930395039963,1448110
434,2025-03-22 14:18:10+00:00,2025-03-22 14:18:12.022425493+00:00,10.0,15.88143091,16.01,0.12856909000000094,1.2856909000000094,1448137
435,2025-03-22 14:18:50+00:00,2025-03-22 14:18:51.044150599+00:00,3.62340982,15.88143091,16.017,0.13556908999999884,0.49122237199445956,1448157
436,2025-03-22 14:20:34+00:00,2025-03-22 14:20:42.067919476+00:00,0.1,15.88143091,16.008,0.1265690899999985,0.01265690899999985,1448211
437,2025-03-22 14:22:00+00:00,2025-03-22 14:22:02.043014091+00:00,6.4,15.88143091,16.009,0.12756908999999972,0.8164421759999982,1448255
438,2025-03-22 14:22:36+00:00,2025-03-22 14:22:42.047016905+00:00,1.0,15.88143091,16.012,0.13056908999999983,0.13056908999999983,1448274
439,2025-03-22 14:22:48+00:00,2025-03-22 14:22:49.073962021+00:00,1.0,15.88143091,16.005,0.12356908999999838,0.12356908999999838,1448280
440,2025-03-22 14:23:02+00:00,2025-03-22 14:23:03.405336561+00:00,10.38,15.88143091,16.011,0.1295690899999986,1.3449271541999857,1448288
441,2025-03-22 14:23:46+00:00,2025-03-22 14:23:49.063768586+00:00,7.50737563,15.88143091,16.012,0.13056908999999983,0.9802312042972755,1448310
442,2025-03-22 14:24:00+00:00,2025-03-22 14:24:02.031574407+00:00,10.44,15.88143091,16.01,0.12856909000000094,1.3422612996000098,1448317
443,2025-03-22 14:25:04+00:00,2025-03-22 14:25:12.018197359+00:00,10.0,15.88143091,16.011,0.1295690899999986,1.295690899999986,1448351
444,2025-03-22 14:25:18+00:00,2025-03-22 14:25:19.032363977+00:00,14.576428649999999,15.88143091,16.005,0.12356908999999838,1.8011960237304048,1448358
445,2025-03-22 14:26:08+00:00,2025-03-22 14:26:12.039931181+00:00,10.0,15.88143091,16.012,0.13056908999999983,1.3056908999999983,1448384
446,2025-03-22 14:26:44+00:00,2025-03-22 14:26:44.417008276+00:00,10.51,15.88143091,16.019,0.13756908999999773,1.4458511358999762,1448402
447,2025-03-22 14:27:16+00:00,2025-03-22 14:27:19.068387021+00:00,10.0,15.88143091,16.014,0.13256908999999872,1.3256908999999872,1448419
448,2025-03-22 14:28:30+00:00,2025-03-22 14:28:32.089124696+00:00,10.0,15.88143091,16.02,0.13856908999999895,1.3856908999999895,1448457
449,2025-03-22 14:30:42+00:00,2025-03-22 14:30:42.043706436+00:00,2.9448156,15.88143091,16.013,0.13156909000000105,0.38744670870980713,1448525
450,2025-03-22 14:31:18+00:00,2025-03-22 14:31:19.018523737+00:00,10.0,15.88143091,16.01,0.12856909000000094,1.2856909000000094,1448544
451,2025-03-22 14:32:56+00:00,2025-03-22 14:32:57.009561807+00:00,20.0,15.88143091,15.999,0.11756908999999993,2.3513817999999986,1448594
452,2025-03-22 14:33:26+00:00,2025-03-22 14:33:27.067782656+00:00,0.98962212,15.88143091,15.983,0.10156908999999992,0.10051501817227072,1448610
453,2025-03-22 14:34:22+00:00,2025-03-22 14:34:23.772826419+00:00,62.0,15.88143091,15.979,0.09756908999999858,6.049283579999912,1448639
454,2025-03-22 14:35:28+00:00,2025-03-22 14:35:32.045013286+00:00,0.7857977196,15.88143091,15.977,0.09556908999999969,0.07509797298624692,1448673
455,2025-03-22 14:36:54+00:00,2025-03-22 14:36:54.844151103+00:00,0.1,15.88143091,15.91,0.02856908999999952,0.0028569089999999522,1448717
468,2025-03-22 15:08:34+00:00,2025-03-22 15:08:35.030974452+00:00,10.0,15.74238932,15.75,0.007610680000000869,0.07610680000000869,1449699
469,2025-03-22 15:09:14+00:00,2025-03-22 15:09:21.012833053+00:00,24.2,15.74238932,15.81,0.06761068000000137,1.636178456000033,1449720
470,2025-03-22 15:09:22+00:00,2025-03-22 15:09:26.646990506+00:00,90.38,15.74238932,15.791,0.04861068000000124,4.393433258400112,1449724
471,2025-03-22 15:15:00+00:00,2025-03-22 15:15:01.077964989+00:00,10.0,15.74238932,15.774,0.03161068,0.3161068,1449899
474,2025-03-22 15:21:50+00:00,2025-03-22 15:21:51.038774363+00:00,41.6115823,15.74238932,15.767,0.02461068000000033,1.0240893362789778,1450110
475,2025-03-22 15:23:56+00:00,2025-03-22 15:23:59.033106597+00:00,7.9,15.74238932,15.767,0.02461068000000033,0.19442437200000262,1450175
476,2025-03-22 15:33:32+00:00,2025-03-22 15:33:32.051265755+00:00,4.68654812,15.74238932,15.792,0.049610680000000684,0.2325028390859248,1450473
477,2025-03-22 15:35:00+00:00,2025-03-22 15:35:02.017928617+00:00,5.0,15.74238932,15.799,0.05661068000000036,0.2830534000000018,1450519
478,2025-03-22 15:42:28+00:00,2025-03-22 15:42:29.005476203+00:00,125.0,15.78764776,15.798,0.010352239999999568,1.294029999999946,1450750
479,2025-03-22 15:53:00+00:00,2025-03-22 15:53:05.013997104+00:00,5.0,15.78764776,15.798,0.010352239999999568,0.05176119999999784,1451077
480,2025-03-22 15:54:08+00:00,2025-03-22 15:54:10.244846589+00:00,0.84944091,15.78764776,15.805,0.01735223999999924,0.014739702536137756,1451112
481,2025-03-22 15:55:14+00:00,2025-03-22 15:55:14.162431544+00:00,260.0,15.78764776,15.799,0.011352239999999014,2.9515823999997437,1451146
482,2025-03-22 15:56:44+00:00,2025-03-22 15:56:49.098435218+00:00,23.86190424,15.78764776,15.797,0.009352240000000123,0.22316225530950054,1451192
489,2025-03-22 16:12:02+00:00,2025-03-22 16:12:02.024800347+00:00,1.6,15.72490907,15.74,0.015090929999999503,0.024145487999999205,1451667
499,2025-03-22 16:20:32+00:00,2025-03-22 16:20:32.047840269+00:00,11.11,15.68419898,15.686,0.001801020000000264,0.020009332200002932,1451930
500,2025-03-22 16:20:34+00:00,2025-03-22 16:20:35.023367109+00:00,9.051,15.68419898,15.686,0.001801020000000264,0.016301032020002392,1451931
501,2025-03-22 16:20:42+00:00,2025-03-22 16:20:42.015089103+00:00,10.0,15.68419898,15.686,0.001801020000000264,0.01801020000000264,1451935
502,2025-03-22 16:21:38+00:00,2025-03-22 16:21:42.004325246+00:00,10.0,15.68419898,15.694,0.00980102000000116,0.0980102000000116,1451964
503,2025-03-22 16:22:00+00:00,2025-03-22 16:22:02.088920641+00:00,116.0,15.68419898,15.697,0.012801019999999497,1.4849183199999416,1451975
504,2025-03-22 16:22:34+00:00,2025-03-22 16:22:35.008046533+00:00,10.0,15.68419898,15.693,0.008801019999999937,0.08801019999999937,1451993
505,2025-03-22 16:22:46+00:00,2025-03-22 16:22:49.002210559+00:00,0.9,15.68419898,15.695,0.010801020000000605,0.009720918000000545,1451999
506,2025-03-22 16:22:54+00:00,2025-03-22 16:22:59.170990115+00:00,1.0,15.68419898,15.689,0.004801020000000378,0.004801020000000378,1452003
507,2025-03-22 16:23:36+00:00,2025-03-22 16:23:36.844079940+00:00,10.0,15.68419898,15.7,0.01580101999999961,0.1580101999999961,1452025
508,2025-03-22 16:23:56+00:00,2025-03-22 16:23:57.910632021+00:00,11.15,15.68419898,15.71,0.025801020000001174,0.2876813730000131,1452035
509,2025-03-22 16:24:16+00:00,2025-03-22 16:24:19.036527265+00:00,4.420600702524983,15.68419898,15.715,0.03080102000000018,0.13615901065048686,1452046
510,2025-03-22 16:24:22+00:00,2025-03-22 16:24:22.947798200+00:00,8.91697304,15.68419898,15.727,0.042801020000000634,0.3816555414245065,1452049
511,2025-03-22 16:24:40+00:00,2025-03-22 16:24:42.044526161+00:00,10.0,15.68419898,15.745,0.06080101999999954,0.6080101999999954,1452058
512,2025-03-22 16:24:56+00:00,2025-03-22 16:25:02.108689745+00:00,10.529997649999999,15.68419898,15.744,0.059801020000000094,0.6297046000676039,1452066
513,2025-03-22 16:25:08+00:00,2025-03-22 16:25:09.187012445+00:00,11.24,15.68419898,15.745,0.06080101999999954,0.6834034647999948,1452073
514,2025-03-22 16:25:34+00:00,2025-03-22 16:25:35.083834313+00:00,10.0,15.68419898,15.731,0.04680102000000019,0.46801020000000193,1452086
515,2025-03-22 16:25:48+00:00,2025-03-22 16:25:49.039762145+00:00,0.01,15.68419898,15.741,0.05680101999999998,0.0005680101999999998,1452093
516,2025-03-22 16:26:30+00:00,2025-03-22 16:26:32.033777040+00:00,0.99963409,15.68419898,15.744,0.059801020000000094,0.0597791382087719,1452115
517,2025-03-22 16:26:34+00:00,2025-03-22 16:26:35.018115400+00:00,1.0,15.68419898,15.743,0.05880102000000065,0.05880102000000065,1452117
518,2025-03-22 16:26:34+00:00,2025-03-22 16:26:35.018115400+00:00,11.33,15.68419898,15.743,0.05880102000000065,0.6662155566000073,1452117
519,2025-03-22 16:26:50+00:00,2025-03-22 16:26:51.067575463+00:00,10.0,15.68419898,15.741,0.05680101999999998,0.5680101999999998,1452125
520,2025-03-22 16:27:22+00:00,2025-03-22 16:27:24.916459185+00:00,1.0,15.68419898,15.728,0.04380102000000008,0.04380102000000008,1452142
521,2025-03-22 16:27:26+00:00,2025-03-22 16:27:32.069653171+00:00,11.39,15.68419898,15.728,0.04380102000000008,0.4988936178000009,1452144
522,2025-03-22 16:27:34+00:00,2025-03-22 16:27:35.087535911+00:00,7.62,15.68419898,15.728,0.04380102000000008,0.3337637724000006,1452148
523,2025-03-22 16:27:52+00:00,2025-03-22 16:28:05.023107307+00:00,10.0,15.68419898,15.719,0.03480101999999974,0.3480101999999974,1452157
524,2025-03-22 16:28:56+00:00,2025-03-22 16:29:02.043237038+00:00,1.0,15.68419898,15.717,0.03280102000000085,0.03280102000000085,1452190
525,2025-03-22 16:29:10+00:00,2025-03-22 16:29:12.064985015+00:00,10.0,15.68419898,15.714,0.029801020000000733,0.29801020000000733,1452198
526,2025-03-22 16:29:56+00:00,2025-03-22 16:30:02.133826467+00:00,1.0,15.68419898,15.704,0.019801020000000946,0.019801020000000946,1452221
527,2025-03-22 16:30:40+00:00,2025-03-22 16:30:40.407888095+00:00,0.0,15.68419898,15.719,0.03480101999999974,0.0,1452244
528,2025-03-22 16:30:50+00:00,2025-03-22 16:30:51.062313801+00:00,11.39,15.68419898,15.714,0.029801020000000733,0.33943361780000836,1452249
529,2025-03-22 16:31:20+00:00,2025-03-22 16:31:21.026222870+00:00,99.99996999999999,15.68419898,15.713,0.02880101999999951,2.8801011359693507,1452265
530,2025-03-22 16:31:58+00:00,2025-03-22 16:32:02.041528609+00:00,7.0,15.68419898,15.714,0.029801020000000733,0.20860714000000513,1452284
531,2025-03-22 16:32:20+00:00,2025-03-22 16:32:21.049595902+00:00,0.0,15.68419898,15.719,0.03480101999999974,0.0,1452296
532,2025-03-22 16:34:00+00:00,2025-03-22 16:34:02.066505969+00:00,0.0,15.70918501,15.718,0.008814989999999412,0.0,1452347
533,2025-03-22 16:34:00+00:00,2025-03-22 16:34:02.066505969+00:00,30.964285609999997,15.70918501,15.718,0.008814989999999412,0.2729498680092757,1452347
535,2025-03-22 16:36:58+00:00,2025-03-22 16:36:58.109045300+00:00,12.99469794,15.70918501,15.712,0.0028149899999991845,0.03657994475411001,1452439
536,2025-03-22 16:39:32+00:00,2025-03-22 16:39:32.058035593+00:00,5.70553872,15.70918501,15.717,0.007814989999999966,0.044588728041412604,1452519
537,2025-03-22 16:39:38+00:00,2025-03-22 16:39:38.049391693+00:00,5.97795,15.70918501,15.717,0.007814989999999966,0.046717619470499794,1452522
538,2025-03-22 16:40:34+00:00,2025-03-22 16:40:35.026938743+00:00,0.0,15.70918501,15.738,0.028814989999998986,0.0,1452551
539,2025-03-22 16:42:26+00:00,2025-03-22 16:42:33.725603006+00:00,1.13928684,15.70918501,15.74,0.030814989999999653,0.03510711258173121,1452609
540,2025-03-22 16:42:56+00:00,2025-03-22 16:43:02.018115835+00:00,20.0,15.70918501,15.741,0.0318149899999991,0.636299799999982,1452624
541,2025-03-22 16:43:58+00:00,2025-03-22 16:43:58.193018143+00:00,1e-18,15.70918501,15.734,0.024814989999999426,2.4814989999999427e-20,1452656
542,2025-03-22 16:44:00+00:00,2025-03-22 16:44:00.212114468+00:00,10.0,15.70918501,15.734,0.024814989999999426,0.24814989999999426,1452658
548,2025-03-22 16:51:26+00:00,2025-03-22 16:51:29.414467582+00:00,0.99999775,15.6696878,15.674,0.004312199999999322,0.0043121902975493225,1452888
549,2025-03-22 16:51:52+00:00,2025-03-22 16:51:56.735242125+00:00,26.05993112,15.6696878,15.673,0.0033121999999998764,0.08631570385566079,1452901
551,2025-03-22 16:53:50+00:00,2025-03-22 16:53:51.025839927+00:00,9.99996999,15.6696878,15.67,0.00031219999999976267,0.0031219906308756267,1452962
553,2025-03-22 17:04:00+00:00,2025-03-22 17:04:02.061374136+00:00,0.001,15.7075,15.725,0.01750000000000007,1.7500000000000073e-05,1453278
554,2025-03-22 17:04:42+00:00,2025-03-22 17:04:42.084908003+00:00,4.71843171,15.7075,15.733,0.025500000000000966,0.12032000860500455,1453299
555,2025-03-22 17:04:44+00:00,2025-03-22 17:04:45.295018520+00:00,9.986e-05,15.7075,15.733,0.025500000000000966,2.5464300000000964e-06,1453300
556,2025-03-22 17:05:00+00:00,2025-03-22 17:05:02.029702928+00:00,0.0,15.7075,15.731,0.0235000000000003,0.0,1453309
558,2025-03-22 17:09:12+00:00,2025-03-22 17:09:12.072813533+00:00,5.0,15.7075,15.718,0.010500000000000398,0.05250000000000199,1453439
559,2025-03-22 17:14:12+00:00,2025-03-22 17:14:12.055919189+00:00,14.68,15.7075,15.732,0.024499999999999744,0.35965999999999626,1453594
560,2025-03-22 17:16:26+00:00,2025-03-22 17:16:31.042946022+00:00,39.0,15.7075,15.744,0.0365000000000002,1.4235000000000078,1453663
561,2025-03-22 17:19:58+00:00,2025-03-22 17:20:02.043960010+00:00,23.0,15.7075,15.736,0.02850000000000108,0.6555000000000248,1453772
562,2025-03-22 17:20:02+00:00,2025-03-22 17:20:02.043960010+00:00,2.01646107,15.7075,15.736,0.02850000000000108,0.05746914049500218,1453775
563,2025-03-22 17:22:42+00:00,2025-03-22 17:22:42.044482910+00:00,174.0,15.72574496,15.738,0.01225503999999944,2.1323769599999025,1453857
564,2025-03-22 17:23:10+00:00,2025-03-22 17:23:12.023465674+00:00,7.46801965,15.72574496,15.743,0.01725504000000022,0.12886097778153766,1453872
565,2025-03-22 17:24:28+00:00,2025-03-22 17:24:32.020179468+00:00,800.2740402200001,15.72574496,15.749,0.02325504000000045,18.61040481627807,1453912
566,2025-03-22 17:24:40+00:00,2025-03-22 17:24:42.036940243+00:00,8.0,15.72574496,15.76,0.03425503999999968,0.27404031999999745,1453918
567,2025-03-22 17:25:16+00:00,2025-03-22 17:25:19.042917557+00:00,43.304331399999995,15.72574496,15.745,0.019255039999999113,0.8338266332802174,1453937
568,2025-03-22 17:27:48+00:00,2025-03-22 17:27:48.960980198+00:00,8.13614831,15.72574496,15.756,0.030255040000000122,0.24615949256498337,1454015
569,2025-03-22 17:28:18+00:00,2025-03-22 17:28:19.060896349+00:00,26.20628732,15.72574496,15.759,0.033255040000000236,0.871491133078099,1454031
570,2025-03-22 17:33:00+00:00,2025-03-22 17:33:02.070023020+00:00,1.61993421,15.72574496,15.731,0.0052550399999997666,0.008512819070918023,1454176
571,2025-03-22 17:36:54+00:00,2025-03-22 17:36:54.324339786+00:00,5.97,15.72574496,15.745,0.019255039999999113,0.1149525887999947,1454297
572,2025-03-22 17:36:54+00:00,2025-03-22 17:36:54.324339786+00:00,5.97,15.72574496,15.745,0.019255039999999113,0.1149525887999947,1454297
573,2025-03-22 17:37:00+00:00,2025-03-22 17:37:02.041603414+00:00,8.5,15.72574496,15.745,0.019255039999999113,0.16366783999999246,1454301
574,2025-03-22 17:38:18+00:00,2025-03-22 17:38:19.028765069+00:00,5.9,15.72574496,15.736,0.010255040000000548,0.06050473600000324,1454341
575,2025-03-22 17:38:18+00:00,2025-03-22 17:38:19.028765069+00:00,5.8,15.72574496,15.736,0.010255040000000548,0.05947923200000318,1454341
577,2025-03-22 17:49:38+00:00,2025-03-22 17:49:42.030171011+00:00,5.187,15.72574496,15.782,0.05625503999999992,0.2917948924799996,1454692
578,2025-03-22 17:50:36+00:00,2025-03-22 17:50:39.265655608+00:00,1.0,15.72574496,15.801,0.07525504000000005,0.07525504000000005,1454722
579,2025-03-22 17:50:52+00:00,2025-03-22 17:50:52.120869388+00:00,1.0,15.72574496,15.819,0.09325504000000073,0.09325504000000073,1454730
580,2025-03-22 17:51:08+00:00,2025-03-22 17:51:09.981418996+00:00,1.0,15.72574496,15.823,0.09725504000000029,0.09725504000000029,1454739
581,2025-03-22 17:51:22+00:00,2025-03-22 17:51:22.191284759+00:00,1.0,15.72574496,15.845,0.11925504000000053,0.11925504000000053,1454746
582,2025-03-22 17:51:38+00:00,2025-03-22 17:51:40.282844341+00:00,1.0,15.72574496,15.869,0.14325503999999967,0.14325503999999967,1454754
583,2025-03-22 17:51:52+00:00,2025-03-22 17:52:02.054784144+00:00,1.0,15.72574496,15.849,0.1232550400000001,0.1232550400000001,1454761
584,2025-03-22 17:52:08+00:00,2025-03-22 17:52:08.871383899+00:00,1.0,15.72574496,15.848,0.12225504000000065,0.12225504000000065,1454770
585,2025-03-22 17:52:22+00:00,2025-03-22 17:52:22.121266997+00:00,1.0,15.72574496,15.845,0.11925504000000053,0.11925504000000053,1454777
586,2025-03-22 17:52:30+00:00,2025-03-22 17:52:32.071022551+00:00,10.0,15.72574496,15.839,0.1132550400000003,1.132550400000003,1454781
587,2025-03-22 17:52:36+00:00,2025-03-22 17:52:36.932809625+00:00,1.0,15.72574496,15.839,0.1132550400000003,0.1132550400000003,1454784
588,2025-03-22 17:53:04+00:00,2025-03-22 17:53:05.116772728+00:00,12.77,15.72574496,15.831,0.10525503999999941,1.3441068607999924,1454799
589,2025-03-22 17:53:34+00:00,2025-03-22 17:53:35.085019896+00:00,10.0,15.72574496,15.845,0.11925504000000053,1.1925504000000053,1454814
590,2025-03-22 17:53:54+00:00,2025-03-22 17:53:57.143563544+00:00,12.82,15.72574496,15.82,0.09425504000000018,1.2083496128000024,1454824
591,2025-03-22 17:55:00+00:00,2025-03-22 17:55:02.129059290+00:00,10.0,15.72574496,15.816,0.09025504000000062,0.9025504000000062,1454858
592,2025-03-22 17:57:08+00:00,2025-03-22 17:57:12.008098089+00:00,10.0,15.72574496,15.78,0.054255039999999255,0.5425503999999925,1454925
593,2025-03-22 17:59:46+00:00,2025-03-22 17:59:49.060667946+00:00,10.0,15.72574496,15.775,0.04925504000000025,0.4925504000000025,1455006
594,2025-03-22 18:03:04+00:00,2025-03-22 18:03:05.014046599+00:00,10.0,15.72574496,15.788,0.06225504000000015,0.6225504000000015,1455109
595,2025-03-22 18:04:28+00:00,2025-03-22 18:04:32.008215095+00:00,2.0,15.72574496,15.79,0.06425503999999904,0.12851007999999808,1455152
596,2025-03-22 18:04:48+00:00,2025-03-22 18:04:49.131154120+00:00,10.0,15.72574496,15.791,0.06525504000000026,0.6525504000000026,1455162
597,2025-03-22 18:06:16+00:00,2025-03-22 18:06:17.020177700+00:00,10.0,15.72574496,15.815,0.0892550399999994,0.892550399999994,1455208
598,2025-03-22 18:07:44+00:00,2025-03-22 18:07:49.038453718+00:00,0.11810109244187167,15.72574496,15.824,0.09825503999999974,0.011604027561919767,1455253
599,2025-03-22 18:08:16+00:00,2025-03-22 18:08:19.015366554+00:00,10.0,15.72574496,15.815,0.0892550399999994,0.892550399999994,1455270
600,2025-03-22 18:10:58+00:00,2025-03-22 18:11:03.694614998+00:00,10.0,15.72574496,15.825,0.09925503999999918,0.9925503999999918,1455353
601,2025-03-22 18:12:48+00:00,2025-03-22 18:12:48.377260571+00:00,10.0,15.72574496,15.832,0.10625504000000063,1.0625504000000063,1455410
606,2025-03-22 18:19:44+00:00,2025-03-22 18:19:44.908181197+00:00,10.0,15.88666162,15.896,0.009338380000000868,0.09338380000000868,1455625
607,2025-03-22 18:20:50+00:00,2025-03-22 18:20:50.925863846+00:00,10.0,15.88666162,15.944,0.05733838000000091,0.5733838000000091,1455659
608,2025-03-22 18:22:36+00:00,2025-03-22 18:22:40.108363352+00:00,10.0,15.88666162,15.919,0.032338380000000555,0.32338380000000555,1455714
610,2025-03-22 18:24:54+00:00,2025-03-22 18:25:02.034739019+00:00,100.0,15.88666162,15.889,0.002338379999999418,0.23383799999994181,1455785
611,2025-03-22 18:28:08+00:00,2025-03-22 18:28:10.055877880+00:00,23.9,15.88666162,15.897,0.010338380000000313,0.24708728200000749,1455886
619,2025-03-22 18:31:46+00:00,2025-03-22 18:31:49.053026298+00:00,10.0,15.88666162,15.888,0.0013383799999999724,0.013383799999999724,1455998
622,2025-03-22 18:35:34+00:00,2025-03-22 18:35:35.072905366+00:00,10.0,15.88666162,15.909,0.022338380000000768,0.22338380000000768,1456116
623,2025-03-22 18:35:44+00:00,2025-03-22 18:35:49.093896954+00:00,30.0,15.88666162,15.904,0.017338379999999987,0.5201513999999996,1456121
624,2025-03-22 18:37:22+00:00,2025-03-22 18:37:28.440090639+00:00,0.5,15.88666162,15.897,0.010338380000000313,0.005169190000000157,1456172
627,2025-03-22 18:40:16+00:00,2025-03-22 18:40:19.019850459+00:00,10.0,15.88666162,15.894,0.0073383800000002,0.073383800000002,1456262
628,2025-03-22 18:41:30+00:00,2025-03-22 18:41:32.043797700+00:00,5.2,15.88666162,15.898,0.01133837999999976,0.05895957599999875,1456300
629,2025-03-22 18:41:42+00:00,2025-03-22 18:41:42.006141162+00:00,10.0,15.88666162,15.898,0.01133837999999976,0.11338379999999759,1456306
630,2025-03-22 18:41:56+00:00,2025-03-22 18:42:02.061560234+00:00,1.65953235,15.88666162,15.898,0.01133837999999976,0.018816408406592603,1456313
631,2025-03-22 18:43:18+00:00,2025-03-22 18:43:19.059741569+00:00,0.94949729,15.88666162,15.89,0.0033383800000006403,0.003169782762990808,1456356
632,2025-03-22 18:45:02+00:00,2025-03-22 18:45:02.072052836+00:00,100.47735121000001,15.88666162,15.887,0.0003383800000005266,0.03399952610249271,1456410
633,2025-03-22 18:45:10+00:00,2025-03-22 18:45:10.087240349+00:00,29.0,15.88666162,15.887,0.0003383800000005266,0.009813020000015271,1456414
634,2025-03-22 18:45:30+00:00,2025-03-22 18:45:32.040593869+00:00,6.5,15.88666162,15.897,0.010338380000000313,0.06719947000000204,1456424
635,2025-03-22 18:45:34+00:00,2025-03-22 18:45:35.084984114+00:00,10.0,15.88666162,15.897,0.010338380000000313,0.10338380000000313,1456426
641,2025-03-22 19:16:16+00:00,2025-03-22 19:16:19.083521721+00:00,9.0,15.91007676,15.943,0.0329232399999988,0.2963091599999892,1457378
642,2025-03-22 19:19:10+00:00,2025-03-22 19:19:10.046409662+00:00,7.0,15.91007676,15.94,0.029923239999998685,0.2094626799999908,1457468
646,2025-03-22 19:37:50+00:00,2025-03-22 19:37:51.091438304+00:00,180.16,15.91007676,15.927,0.016923239999998785,3.048890918399781,1458046
647,2025-03-22 19:38:00+00:00,2025-03-22 19:38:02.077469033+00:00,1.2,15.91007676,15.916,0.005923239999999552,0.007107887999999462,1458052
649,2025-03-22 19:59:04+00:00,2025-03-22 19:59:05.013626801+00:00,10.0,15.91007676,15.922,0.01192323999999978,0.1192323999999978,1458705
650,2025-03-22 19:59:20+00:00,2025-03-22 19:59:21.026111041+00:00,10.0,15.91007676,15.924,0.013923239999998671,0.1392323999999867,1458713
651,2025-03-22 20:00:04+00:00,2025-03-22 20:00:05.023441845+00:00,4.73694866,15.91007676,15.928,0.017923240000000007,0.08490146770085844,1458736
652,2025-03-22 20:01:04+00:00,2025-03-22 20:01:05.018273902+00:00,12.98,15.91007676,15.951,0.040923239999999694,0.531183655199996,1458767
653,2025-03-22 20:01:50+00:00,2025-03-22 20:01:51.082706357+00:00,76.3484129235207,15.91007676,15.939,0.02892323999999924,2.2082434706060328,1458790
654,2025-03-22 20:02:32+00:00,2025-03-22 20:02:35.028102254+00:00,10.0,15.91007676,15.945,0.03492323999999947,0.34923239999999467,1458812
655,2025-03-22 20:03:38+00:00,2025-03-22 20:03:42.000139828+00:00,10.0,15.91007676,15.97,0.05992323999999982,0.5992323999999982,1458846
656,2025-03-22 20:04:08+00:00,2025-03-22 20:04:08.772325501+00:00,13.04,15.91007676,15.986,0.07592323999999984,0.9900390495999978,1458862
657,2025-03-22 20:04:40+00:00,2025-03-22 20:04:42.038619580+00:00,10.0,15.91007676,15.988,0.07792323999999873,0.7792323999999873,1458878
658,2025-03-22 20:04:54+00:00,2025-03-22 20:04:56.737913781+00:00,10.0,15.91007676,16.003,0.0929232399999993,0.929232399999993,1458885
659,2025-03-22 20:05:26+00:00,2025-03-22 20:05:32.036116696+00:00,10.0,15.91007676,15.987,0.07692323999999928,0.7692323999999928,1458902
660,2025-03-22 20:06:36+00:00,2025-03-22 20:06:42.018636344+00:00,10.0,15.91007676,15.987,0.07692323999999928,0.7692323999999928,1458938
661,2025-03-22 20:07:28+00:00,2025-03-22 20:07:32.007624464+00:00,10.0,15.91007676,15.993,0.08292323999999951,0.8292323999999951,1458965
663,2025-03-22 20:15:16+00:00,2025-03-22 20:15:16.843884365+00:00,1.1711776530287807,16.0040891,16.036,0.03191089999999974,0.03737333296803582,1459207
664,2025-03-22 20:15:26+00:00,2025-03-22 20:15:31.030299031+00:00,13.09,16.0040891,16.036,0.03191089999999974,0.4177136809999966,1459212
665,2025-03-22 20:19:28+00:00,2025-03-22 20:19:31.052207932+00:00,1.50294775,16.0040891,16.029,0.024910899999998293,0.037439781105472435,1459337
666,2025-03-22 20:20:18+00:00,2025-03-22 20:20:19.048765647+00:00,14.774482,16.0040891,16.025,0.020910899999996957,0.30894771565375506,1459363
667,2025-03-22 20:21:32+00:00,2025-03-22 20:21:32.011381943+00:00,13.15,16.0040891,16.068,0.06391089999999977,0.840428334999997,1459401
678,2025-03-22 21:04:30+00:00,2025-03-22 21:04:30.546817694+00:00,10.0,15.703,15.719,0.016000000000000014,0.16000000000000014,1460733
679,2025-03-22 21:04:48+00:00,2025-03-22 21:04:49.000022944+00:00,10.0,15.703,15.732,0.028999999999999915,0.28999999999999915,1460742
681,2025-03-22 21:08:38+00:00,2025-03-22 21:08:42.004281711+00:00,10.0,15.703,15.746,0.04300000000000104,0.4300000000000104,1460861
682,2025-03-22 21:08:52+00:00,2025-03-22 21:08:55.498732839+00:00,10.0,15.703,15.769,0.06600000000000072,0.6600000000000072,1460868
683,2025-03-22 21:08:54+00:00,2025-03-22 21:08:55.498732839+00:00,5.0594554,15.703,15.769,0.06600000000000072,0.33392405640000367,1460869
684,2025-03-22 21:12:32+00:00,2025-03-22 21:12:32.060225397+00:00,6.03989782,15.703,15.751,0.04800000000000004,0.28991509536000026,1460982
685,2025-03-22 21:17:26+00:00,2025-03-22 21:17:26.427651301+00:00,10.0,15.703,15.728,0.025000000000000355,0.25000000000000355,1461134
686,2025-03-22 21:18:36+00:00,2025-03-22 21:18:37.074598743+00:00,13.13,15.703,15.729,0.0259999999999998,0.3413799999999974,1461170
687,2025-03-22 21:19:20+00:00,2025-03-22 21:19:31.515177855+00:00,5.0,15.703,15.715,0.012000000000000455,0.060000000000002274,1461193
690,2025-03-22 21:34:16+00:00,2025-03-22 21:34:19.080582270+00:00,3.6,15.76445647,15.807,0.04254352999999966,0.15315670799999878,1461656
691,2025-03-22 21:34:28+00:00,2025-03-22 21:34:29.044491154+00:00,999.65868473,15.76445647,15.8,0.03554352999999999,35.53139845046129,1461662
692,2025-03-22 21:35:12+00:00,2025-03-22 21:35:12.036199483+00:00,2.00057639,15.76445647,15.802,0.03754352999999888,0.07510869971525447,1461685
693,2025-03-22 21:35:28+00:00,2025-03-22 21:35:28.063293110+00:00,8.0,15.76445647,15.81,0.04554352999999978,0.3643482399999982,1461693
694,2025-03-22 21:36:44+00:00,2025-03-22 21:36:49.037941217+00:00,119.0,15.76445647,15.811,0.04654352999999922,5.5386800699999075,1461732
711,2025-03-22 22:39:30+00:00,2025-03-22 22:39:30.257850080+00:00,1.0,15.66769389,15.72,0.05230610999999996,0.05230610999999996,1463678
712,2025-03-22 22:40:28+00:00,2025-03-22 22:40:42.000038667+00:00,54.0,15.71726,15.719,0.0017399999999998528,0.09395999999999205,1463708
713,2025-03-22 22:48:44+00:00,2025-03-22 22:48:49.028495362+00:00,0.00160081,15.71726,15.741,0.023740000000000094,3.800322940000015e-05,1463964
714,2025-03-22 22:52:58+00:00,2025-03-22 22:53:02.025913558+00:00,1.9,15.71726,15.735,0.017739999999999867,0.03370599999999974,1464095
716,2025-03-22 22:56:32+00:00,2025-03-22 22:56:32.046076565+00:00,0.8,15.71726,15.735,0.017739999999999867,0.014191999999999894,1464206
717,2025-03-22 22:56:48+00:00,2025-03-22 22:56:49.028895149+00:00,12.27083006,15.71726,15.735,0.017739999999999867,0.21768452526439835,1464214
