datetime,time,Amount_HYPE_HyperEVM,price_HYPE_HyperEVM,price_HYPE_HyperCORE,delta_USD,arb_profit,block_number
2025-03-26 13:53:20+00:00,2025-03-26 13:53:20.054172300+00:00,56710.033803,14.79152682,14.899,0.1074731799999995,6094.807670715875,1625874
2025-03-26 15:40:54+00:00,2025-03-26 15:40:54.012650831+00:00,97772.328952,13.9719023,14.009,0.0370977000000003,3627.128527762644,1629208
2025-03-26 14:24:02+00:00,2025-03-26 14:24:02.079216087+00:00,30060.939947000003,13.49857929,13.586,0.0874207099999999,2627.948713434101,1626826
2025-03-26 13:52:08+00:00,2025-03-26 13:52:08.540741064+00:00,44000.0,14.79152682,14.82,0.0284731800000006,1252.8199200000288,1625837
2025-03-24 21:16:20+00:00,2025-03-24 21:16:31.368051636+00:00,10000.0,16.79067108,16.899,0.1083289200000017,1083.2892000000172,1550327
2025-03-26 15:03:34+00:00,2025-03-26 15:03:34.076113758+00:00,9165.681092,13.1822745,13.289,0.1067254999999995,978.2118973842424,1628051
2025-03-26 15:16:08+00:00,2025-03-26 15:16:08.054677557+00:00,7000.0,13.06926689,13.2,0.1307331099999995,915.1317699999968,1628441
2025-03-26 15:43:52+00:00,2025-03-26 15:43:52.649861072+00:00,3999.99997,13.80713475,14.01,0.2028652500000003,811.4609939140438,1629300
2025-03-26 12:42:14+00:00,2025-03-26 12:42:16.284001469+00:00,12755.214324,16.04984129,16.101,0.0511587099999992,652.5403105893528,1623670
2025-03-26 15:03:22+00:00,2025-03-26 15:03:22.298275308+00:00,4001.4029879,13.1822745,13.325,0.1427254999999991,571.1022421495181,1628045
2025-03-26 16:29:42+00:00,2025-03-26 16:29:42.270130518+00:00,10000.0,14.95469513,15.006,0.0513048700000009,513.0487000000095,1630721
2025-03-28 01:25:14+00:00,2025-03-28 01:25:20.068352632+00:00,44779.56228,14.82020836,14.831,0.0107916399999989,483.2449154832941,1691912
2025-03-26 14:14:38+00:00,2025-03-26 14:14:38.095646341+00:00,4850.7208614,14.07026894,14.158,0.0877310599999994,425.55888293473225,1626534
2025-03-25 12:00:50+00:00,2025-03-25 12:00:55.058080304+00:00,4034.7830912,16.43110865,16.536,0.1048913500000026,423.2138453931517,1577746
2025-03-26 15:19:38+00:00,2025-03-26 15:19:38.087428888+00:00,13000.0,14.31550412,14.341,0.0254958799999993,331.4464399999917,1628549
2025-03-26 14:32:58+00:00,2025-03-26 14:32:58.103668772+00:00,4000.876751003368,14.28948009,14.369,0.0795199100000001,318.14935916088075,1627102
2025-03-26 14:03:34+00:00,2025-03-26 14:03:34.450520118+00:00,1035.3955203,13.8496087,14.138,0.2883913000000007,298.5990601134941,1626191
2025-03-26 14:01:16+00:00,2025-03-26 14:01:16.906424566+00:00,1211.5172776,14.44036617,14.659,0.2186338299999999,264.87866251286107,1626120
2025-03-25 16:10:50+00:00,2025-03-25 16:10:50.293061973+00:00,9590.0,16.4226281,16.45,0.0273718999999985,262.4965209999862,1585496
2025-03-26 15:41:06+00:00,2025-03-26 15:41:06.041526759+00:00,3003.0453781,13.9719023,14.051,0.0790977000000001,237.53398240334087,1629215
2025-03-27 14:34:44+00:00,2025-03-27 14:34:45.054810500+00:00,3308.7914893,14.23831044,14.306,0.0676895599999998,223.9706400424611,1671797
2025-03-26 15:22:30+00:00,2025-03-26 15:22:30.043366123+00:00,1998.1,14.69942203,14.81,0.1105779700000013,220.9458418570027,1628638
2025-03-26 18:45:26+00:00,2025-03-26 18:45:30.047248543+00:00,6800.0,13.88612297,13.918,0.0318770299999986,216.7638039999908,1634929
2025-03-26 08:36:12+00:00,2025-03-26 08:36:12.039387601+00:00,3999.000000000001,16.03559606,16.088,0.0524039400000013,209.5633560600055,1616043
2025-03-25 04:12:14+00:00,2025-03-25 04:12:17.039361903+00:00,2201.0,16.11844889,16.21,0.091551110000001,201.5039931100023,1563220
2025-03-28 21:11:56+00:00,2025-03-28 21:11:59.796795068+00:00,1441.8,13.18338835,13.322,0.1386116499999996,199.85027696999947,1728699
2025-03-26 15:47:46+00:00,2025-03-26 15:47:46.021441396+00:00,2009.0,14.59168049,14.689,0.0973195100000001,195.51489559000032,1629421
2025-03-24 18:55:44+00:00,2025-03-24 18:55:48.318769644+00:00,1524.7343340999998,16.99445322,17.115,0.1205467799999979,183.80181433119608,1545968
2025-03-28 21:25:00+00:00,2025-03-28 21:25:02.324494771+00:00,5141.0,13.18338835,13.219,0.0356116499999998,183.0794926499994,1729104
2025-03-28 15:11:22+00:00,2025-03-28 15:11:23.043574766+00:00,3602.844903288893,13.64885303,13.699,0.0501469700000001,180.67175527988147,1717522
2025-03-27 13:51:46+00:00,2025-03-27 13:51:46.001541509+00:00,1990.0,14.09730266,14.184,0.0866973399999988,172.5277065999977,1670465
2025-03-26 14:01:26+00:00,2025-03-26 14:01:26.122182529+00:00,1000.0,14.52660911,14.696,0.1693908899999989,169.39088999999896,1626125
2025-03-26 22:38:02+00:00,2025-03-26 22:38:02.037638530+00:00,2000.0,13.82684714,13.909,0.0821528600000007,164.30572000000154,1642140
2025-03-27 02:20:12+00:00,2025-03-27 02:20:13.070732984+00:00,1293.77,14.7675,14.888,0.1204999999999998,155.89928499999976,1649027
2025-03-26 14:13:42+00:00,2025-03-26 14:13:42.104273138+00:00,1547.3630275,13.8796457,13.98,0.1003543000000011,155.284533470645,1626505
2025-03-26 13:52:32+00:00,2025-03-26 13:52:32.458547698+00:00,3090.0364642000004,14.79152682,14.84,0.0484731800000002,149.78389373573089,1625849
2025-03-26 13:40:36+00:00,2025-03-26 13:40:36.029688385+00:00,1029.9318824,15.11352267,15.251,0.1374773299999994,141.59228527422536,1625479
2025-03-24 03:18:56+00:00,2025-03-24 03:18:58.063894346+00:00,2770.4107551,16.29741553,16.348,0.0505844700000004,140.13975972903452,1516979
2025-03-26 15:21:18+00:00,2025-03-26 15:21:18.025579461+00:00,645.3,14.12622674,14.337,0.2107732599999998,136.0119846779999,1628601
2025-03-26 15:22:12+00:00,2025-03-26 15:22:12.092497481+00:00,637.58,14.53011502,14.738,0.2078849799999993,132.5433055483996,1628629
2025-03-26 16:15:20+00:00,2025-03-26 16:15:20.014055688+00:00,700.40174589,14.43602887,14.624,0.1879711300000011,131.65530762891692,1630276
2025-03-28 15:34:04+00:00,2025-03-28 15:34:11.295579652+00:00,1000.0,13.64885303,13.776,0.12714697,127.14697000000008,1718226
2025-03-27 01:28:14+00:00,2025-03-27 01:28:14.020961423+00:00,3066.6402514,14.67491016,14.716,0.0410898399999997,126.00775726758488,1647416
2025-03-26 15:51:46+00:00,2025-03-26 15:51:46.047458755+00:00,1500.0,14.63208655,14.712,0.0799134499999993,119.87017499999908,1629545
2025-03-26 04:57:38+00:00,2025-03-26 04:57:39.048208620+00:00,2106.5788826,15.64677499,15.702,0.0552250099999991,116.33583985737198,1609267
2025-03-26 20:12:44+00:00,2025-03-26 20:12:44.015937141+00:00,1239.0113217,14.19407793,14.287,0.0929220700000001,115.13149676580016,1637635
2025-03-26 14:31:02+00:00,2025-03-26 14:31:02.772062934+00:00,1120.003096,13.95390005,14.056,0.1020999499999995,114.35226010144464,1627043
2025-03-26 14:14:46+00:00,2025-03-26 14:14:46.193681572+00:00,2404.1568605015104,14.07026894,14.115,0.0447310600000001,107.54048477650508,1626538
2025-03-24 17:52:02+00:00,2025-03-24 17:52:02.063870984+00:00,1000.0,16.8882764,16.992,0.1037236000000021,103.72360000000214,1543994
2025-03-28 20:38:26+00:00,2025-03-28 20:38:26.506867419+00:00,3794.532553022343,13.37488233,13.402,0.027117669999999,102.89888157711395,1727661
2025-03-27 21:43:58+00:00,2025-03-27 21:43:58.041804375+00:00,588.9340717,14.8788817,15.053,0.1741182999999999,102.54419937648208,1685052
2025-03-26 15:39:12+00:00,2025-03-26 15:39:12.225967984+00:00,1045.0449,14.06107854,14.158,0.096921459999999,101.28727747355298,1629156
2025-03-24 14:41:56+00:00,2025-03-24 14:41:57.052674736+00:00,2444.7681994,17.08260728,17.124,0.0413927199999974,101.19560554266224,1538100
2025-03-28 23:49:04+00:00,2025-03-28 23:49:10.029332227+00:00,940.0,13.30864594,13.412,0.1033540600000009,97.15281640000086,1733571
2025-03-24 16:39:58+00:00,2025-03-24 16:39:58.032227020+00:00,531.5,16.73136025,16.911,0.1796397499999997,95.47852712499989,1541759
2025-03-26 15:17:06+00:00,2025-03-26 15:17:06.109337191+00:00,246.204563679601,12.91233035,13.29,0.3776696499999996,92.98399139327752,1628471
2025-03-25 04:08:46+00:00,2025-03-25 04:08:46.559362449+00:00,1000.0,16.11844889,16.21,0.091551110000001,91.55111000000105,1563112
2025-03-28 23:50:40+00:00,2025-03-28 23:50:40.035011006+00:00,1000.0,13.30864594,13.399,0.0903540599999992,90.35405999999924,1733620
2025-03-28 05:02:18+00:00,2025-03-28 05:02:26.145316191+00:00,1242.0303649,14.11287902,14.183,0.0701209800000004,87.09238637654616,1698641
2025-03-27 21:51:22+00:00,2025-03-27 21:51:28.135490690+00:00,587.71128863,14.8788817,15.024,0.1451182999999982,85.2876630967939,1685282
2025-03-26 15:23:00+00:00,2025-03-26 15:23:00.071505173+00:00,942.4,14.82638008,14.914,0.0876199199999998,82.57301260799986,1628653
2025-03-27 15:55:18+00:00,2025-03-27 15:55:18.009178257+00:00,1774.2834523,14.41552458,14.462,0.0464754200000001,82.46056864469274,1674244
2025-03-26 15:21:48+00:00,2025-03-26 15:21:48.062662485+00:00,450.0,14.27740995,14.45,0.1725900500000001,77.66552250000007,1628616
2025-03-26 16:15:16+00:00,2025-03-26 16:15:16.054829354+00:00,515.0,14.43602887,14.585,0.1489711300000014,76.72013195000072,1630274
2025-03-28 11:59:16+00:00,2025-03-28 11:59:16.167781588+00:00,1000.0,13.87868474,13.955,0.0763152599999994,76.31525999999944,1711567
2025-03-26 18:48:54+00:00,2025-03-26 18:48:54.199315837+00:00,10000.0,13.78638746,13.794,0.0076125400000002,76.12540000000223,1635036
2025-03-27 14:47:00+00:00,2025-03-27 14:47:00.429170678+00:00,1727.3,14.40943278,14.453,0.0435672199999999,75.25365910599983,1672177
2025-03-28 22:32:12+00:00,2025-03-28 22:32:26.524913505+00:00,638.0,13.17646179,13.294,0.117538210000001,74.9893779800007,1731188
2025-03-26 15:45:38+00:00,2025-03-26 15:45:38.087178339+00:00,154.03278616,14.01464163,14.484,0.4693583700000001,72.29657743861618,1629355
2025-03-28 16:27:04+00:00,2025-03-28 16:27:08.937414859+00:00,1380.4745622,13.56652606,13.617,0.0504739400000016,69.67799022401128,1719869
2025-03-27 08:57:16+00:00,2025-03-27 08:57:16.090038765+00:00,1900.0,14.44986029,14.486,0.0361397100000004,68.66544900000093,1661336
2025-03-24 16:09:28+00:00,2025-03-24 16:09:28.074677483+00:00,870.0,16.99272006,17.071,0.0782799400000016,68.1035478000014,1540814
2025-03-27 21:57:44+00:00,2025-03-27 21:57:45.812511960+00:00,1171.1027169,15.02801502,15.085,0.056984980000001,66.73526490049342,1685479
2025-03-28 07:46:44+00:00,2025-03-28 07:46:44.857789427+00:00,1000.0,13.57254773,13.639,0.0664522699999992,66.4522699999992,1703738
2025-03-26 14:14:06+00:00,2025-03-26 14:14:06.376140153+00:00,355.03946863122246,13.8796457,14.064,0.1843543000000007,65.45305271188124,1626518
2025-03-25 13:03:08+00:00,2025-03-25 13:03:09.012049085+00:00,456.86709435,16.54270973,16.685,0.1422902700000001,65.00774220917705,1579678
2025-03-28 23:46:00+00:00,2025-03-28 23:46:01.706128499+00:00,632.47036516,13.30864594,13.411,0.1023540599999996,64.73590970380836,1733475
2025-03-26 20:13:06+00:00,2025-03-26 20:13:06.578180095+00:00,351.0,14.19407793,14.378,0.1839220699999995,64.55664656999983,1637647
2025-03-25 15:47:30+00:00,2025-03-25 15:47:31.509296728+00:00,2106.5789433,16.5915768,16.622,0.0304232000000013,64.08887250780734,1584773
2025-03-27 12:43:18+00:00,2025-03-27 12:43:18.038618515+00:00,2000.0,14.57254344,14.604,0.0314565599999987,62.91311999999749,1668343
2025-03-26 14:45:58+00:00,2025-03-26 14:45:59.462696652+00:00,800.0,14.07272889,14.151,0.0782711099999993,62.61688799999945,1627505
2025-03-26 15:17:10+00:00,2025-03-26 15:17:10.361783230+00:00,185.10793769,13.16399538,13.501,0.3370046200000001,62.382230200202144,1628473
2025-03-24 18:00:52+00:00,2025-03-24 18:00:53.175616199+00:00,433.4,16.8882764,17.032,0.1437236000000012,62.28980824000055,1544267
2025-03-27 13:29:50+00:00,2025-03-27 13:29:50.451922853+00:00,1000.0,14.14477904,14.207,0.0622209600000012,62.22096000000121,1669785
2025-03-26 14:05:02+00:00,2025-03-26 14:05:02.028709096+00:00,768.92436267,14.2551148,14.335,0.0798852000000014,61.42567649676659,1626237
2025-03-26 14:15:24+00:00,2025-03-26 14:15:24.050096344+00:00,800.0,14.14470144,14.221,0.0762985599999996,61.03884799999975,1626558
2025-03-26 17:13:00+00:00,2025-03-26 17:13:00.001458599+00:00,1291.1380758,14.30553828,14.352,0.0464617199999999,59.98849575915828,1632063
2025-03-24 14:42:16+00:00,2025-03-24 14:42:20.253424026+00:00,1941.4033541,17.08260728,17.113,0.0303927199999982,59.00452854821879,1538111
2025-03-27 22:01:48+00:00,2025-03-27 22:01:50.902443940+00:00,583.86282782,15.02801502,15.127,0.0989849800000008,57.793650334506665,1685605
2025-03-24 13:10:10+00:00,2025-03-24 13:10:10.550300532+00:00,607.5,16.49828725,16.593,0.0947127499999993,57.5379956249996,1535256
2025-03-26 21:05:48+00:00,2025-03-26 21:05:52.061258628+00:00,2851.0000000000005,14.29188733,14.312,0.0201126699999996,57.3412221699989,1639280
2025-03-26 15:28:46+00:00,2025-03-26 15:28:46.020085430+00:00,242.0,14.15797924,14.389,0.2310207599999998,55.90702391999996,1628832
2025-03-27 01:41:54+00:00,2025-03-27 01:41:55.090539561+00:00,655.0,14.56462679,14.649,0.0843732099999989,55.26445254999933,1647839
2025-03-24 15:00:28+00:00,2025-03-24 15:00:28.005633489+00:00,2000.0,16.89879958,16.926,0.0272004199999997,54.40083999999956,1538675
2025-03-26 15:03:52+00:00,2025-03-26 15:03:52.136889363+00:00,563.0,13.31791061,13.411,0.0930893899999993,52.40932656999965,1628060
2025-03-26 19:35:30+00:00,2025-03-26 19:35:30.117081386+00:00,521.4258271799999,13.78326915,13.883,0.0997308499999984,52.0022409566137,1636481
2025-03-28 11:20:44+00:00,2025-03-28 11:20:45.670968017+00:00,956.0,13.63610166,13.69,0.0538983399999999,51.52681303999994,1710372
2025-03-27 09:28:08+00:00,2025-03-27 09:28:15.131906874+00:00,400.0,14.44986029,14.578,0.1281397099999992,51.255883999999696,1662293
2025-03-28 23:44:42+00:00,2025-03-28 23:44:42.494599154+00:00,634.67120983,13.30864594,13.389,0.0803540599999994,50.99840847495206,1733435
2025-03-27 21:23:16+00:00,2025-03-27 21:23:16.052654396+00:00,595.2111057300001,14.72465582,14.81,0.0853441799999998,50.79780374542009,1684411
2025-03-26 15:22:56+00:00,2025-03-26 15:22:56.175502060+00:00,964.0,14.82638008,14.876,0.0496199199999995,47.83360287999961,1628651
2025-03-26 19:21:08+00:00,2025-03-26 19:21:08.059795529+00:00,430.04758881,13.64704654,13.758,0.1109534599999992,47.71526794312647,1636036
2025-03-28 14:56:42+00:00,2025-03-28 14:56:56.095373098+00:00,525.0,13.50818122,13.599,0.0908187799999993,47.67985949999965,1717067
2025-03-28 20:35:24+00:00,2025-03-28 20:35:26.678693050+00:00,628.4,13.32558959,13.401,0.0754104099999999,47.38790164399995,1727567
2025-03-27 14:56:06+00:00,2025-03-27 14:56:07.070168203+00:00,602.46464236,14.55505122,14.633,0.0779487799999998,46.96138386509821,1672460
2025-03-28 15:47:08+00:00,2025-03-28 15:47:09.883603348+00:00,491.0,13.78529392,13.88,0.0947060799999999,46.50068527999996,1718631
2025-03-26 15:33:12+00:00,2025-03-26 15:33:12.010082954+00:00,600.0,14.44472085,14.522,0.0772791500000007,46.36749000000045,1628970
2025-03-26 16:47:38+00:00,2025-03-26 16:47:38.055961913+00:00,817.0681131099999,14.44256027,14.499,0.056439730000001,46.115103695538686,1631277
2025-03-26 14:37:58+00:00,2025-03-26 14:37:58.379411522+00:00,350.0,13.86062793,13.992,0.1313720700000011,45.98022450000041,1627257
2025-03-25 11:24:26+00:00,2025-03-25 11:24:29.450596380+00:00,1273.0,16.42997659,16.466,0.036023410000002,45.857800930002654,1576618
2025-03-27 18:13:54+00:00,2025-03-27 18:13:54.549940694+00:00,655.0,14.38615808,14.456,0.06984192,45.7464576,1678540
2025-03-26 14:06:06+00:00,2025-03-26 14:06:06.009649273+00:00,183.31256995,14.2551148,14.503,0.2478852000000007,45.440473064569865,1626270
2025-03-27 14:36:02+00:00,2025-03-27 14:36:03.052844383+00:00,569.0,14.23831044,14.318,0.0796895600000002,45.34335964000015,1671838
2025-03-28 20:32:24+00:00,2025-03-28 20:32:38.020727507+00:00,600.0,13.32558959,13.401,0.0754104099999999,45.24624599999996,1727474
2025-03-25 23:47:36+00:00,2025-03-25 23:47:44.101747885+00:00,3590.0,16.00564039,16.018,0.0123596100000007,44.370999900002666,1599656
2025-03-24 08:54:02+00:00,2025-03-24 08:54:06.051178809+00:00,720.0,16.71588505,16.777,0.0611149500000003,44.00276400000024,1527368
2025-03-27 21:46:08+00:00,2025-03-27 21:46:08.719040526+00:00,270.60395912,14.8788817,15.04,0.1611182999999982,43.59924986668343,1685120
2025-03-26 18:27:32+00:00,2025-03-26 18:27:32.016577069+00:00,1000.0,13.90927955,13.952,0.0427204499999991,42.72044999999913,1634374
2025-03-27 01:03:06+00:00,2025-03-27 01:03:06.319722131+00:00,279.0,14.31336827,14.466,0.1526317299999995,42.58425266999987,1646637
2025-03-26 15:51:36+00:00,2025-03-26 15:51:36.051579889+00:00,351.0,14.63208655,14.753,0.1209134499999997,42.44062094999991,1629540
2025-03-25 13:11:36+00:00,2025-03-25 13:11:37.023201198+00:00,456.86709211,16.54270973,16.634,0.0912902700000017,41.70752019283759,1579940
2025-03-26 16:49:54+00:00,2025-03-26 16:49:54.019311360+00:00,800.0,14.53752627,14.589,0.0514737299999996,41.17898399999973,1631347
2025-03-27 08:55:40+00:00,2025-03-27 08:55:40.103706591+00:00,1036.62751,14.44986029,14.489,0.0391397100000006,40.573300119422726,1661286
2025-03-28 11:27:34+00:00,2025-03-28 11:27:39.625923550+00:00,500.0,13.65698756,13.737,0.0800124400000008,40.006220000000425,1710584
2025-03-27 23:07:30+00:00,2025-03-27 23:07:31.014081641+00:00,499.0,14.66968876,14.749,0.0793112400000009,39.57630876000045,1687642
2025-03-27 10:21:12+00:00,2025-03-27 10:21:15.021216068+00:00,4964.0,14.65302827,14.661,0.0079717299999995,39.57166771999757,1663938
2025-03-26 15:33:12+00:00,2025-03-26 15:33:12.010082954+00:00,507.0641958700001,14.44472085,14.522,0.0772791500000007,39.18549005226749,1628970
2025-03-27 22:06:06+00:00,2025-03-27 22:06:06.051093829+00:00,582.42325451,15.02801502,15.095,0.0669849800000008,39.01361005488776,1685739
2025-03-26 13:53:00+00:00,2025-03-26 13:53:00.011284971+00:00,400.0,14.79152682,14.886,0.0944731799999996,37.78927199999984,1625864
2025-03-28 15:48:48+00:00,2025-03-28 15:48:49.162090379+00:00,612.3,13.78529392,13.847,0.0617060799999986,37.782632783999176,1718682
2025-03-24 05:12:48+00:00,2025-03-24 05:12:53.515667606+00:00,834.0,16.86271508,16.908,0.0452849200000002,37.76762328000024,1520509
2025-03-26 09:27:30+00:00,2025-03-26 09:27:33.000730891+00:00,600.0,16.00958086,16.072,0.0624191399999993,37.45148399999962,1617633
2025-03-26 16:07:44+00:00,2025-03-26 16:07:44.156755110+00:00,372.0,14.2915373,14.392,0.1004626999999995,37.37212439999984,1630040
2025-03-24 13:04:18+00:00,2025-03-24 13:04:18.007721239+00:00,300.0,16.49828725,16.622,0.1237127499999992,37.11382499999978,1535074
2025-03-24 06:14:50+00:00,2025-03-24 06:14:56.038359540+00:00,1000.0054062,16.81341133,16.85,0.0365886700000004,36.58886780566819,1522432
2025-03-28 22:35:26+00:00,2025-03-28 22:35:30.273814835+00:00,318.3,13.17646179,13.291,0.1145382100000009,36.45751224300031,1731288
2025-03-24 16:09:46+00:00,2025-03-24 16:09:51.927098256+00:00,460.9957,16.99272006,17.071,0.0782799400000016,36.08671573625874,1540823
2025-03-27 21:29:12+00:00,2025-03-27 21:29:13.026233429+00:00,1185.0202837000002,14.8788817,14.909,0.0301182999999998,35.690796410561504,1684595
2025-03-27 08:48:44+00:00,2025-03-27 08:48:45.096309243+00:00,398.0,14.44986029,14.538,0.0881397100000001,35.07960458000004,1661071
2025-03-26 15:02:00+00:00,2025-03-26 15:02:01.291490665+00:00,161.0,13.09289188,13.307,0.2141081200000005,34.47140732000009,1628002
2025-03-27 02:41:04+00:00,2025-03-27 02:41:05.231658838+00:00,559.36014158,14.79670845,14.858,0.0612915499999999,34.28405008565763,1649674
2025-03-27 01:17:42+00:00,2025-03-27 01:17:43.069996422+00:00,655.0,14.45902068,14.511,0.0519793199999991,34.04645459999945,1647089
2025-03-28 18:31:46+00:00,2025-03-28 18:31:46.070653376+00:00,704.5,13.47244553,13.52,0.0475544699999996,33.50212411499977,1723734
2025-03-24 10:10:36+00:00,2025-03-24 10:10:36.018558806+00:00,4000.0,17.1536846,17.162,0.0083154000000007,33.261600000003,1529741
2025-03-24 19:05:42+00:00,2025-03-24 19:05:42.001435826+00:00,251.92862815,16.99445322,17.126,0.1315467800000007,33.140399822950044,1546277
2025-03-24 12:39:06+00:00,2025-03-24 12:39:08.792566392+00:00,846.50733148,17.08389143,17.123,0.0391085699999997,33.1056912286986,1534293
2025-03-27 21:44:24+00:00,2025-03-27 21:44:24.246834445+00:00,205.1,14.8788817,15.039,0.1601182999999988,32.84026332999976,1685066
2025-03-26 09:07:52+00:00,2025-03-26 09:08:03.013010771+00:00,600.0,16.010337,16.065,0.0546630000000014,32.79780000000088,1617024
2025-03-27 21:46:44+00:00,2025-03-27 21:46:46.091890451+00:00,205.1,14.8788817,15.036,0.1571182999999987,32.22496332999973,1685138
2025-03-26 10:27:10+00:00,2025-03-26 10:27:13.485828334+00:00,343.5,16.14165877,16.235,0.09334123,32.06271250500002,1619483
2025-03-27 21:42:34+00:00,2025-03-27 21:42:35.420051759+00:00,272.15007263,14.8788817,14.995,0.1161182999999983,31.60160377867168,1685009
2025-03-27 21:26:46+00:00,2025-03-27 21:26:46.012983965+00:00,275.17039823,14.72465582,14.839,0.1143441799999998,31.464133545882746,1684519
2025-03-25 02:28:36+00:00,2025-03-25 02:28:47.074438189+00:00,886.31207017,16.60266273,16.638,0.0353372700000029,31.31984892785887,1560007
2025-03-26 16:37:42+00:00,2025-03-26 16:37:43.384239008+00:00,1000.0,14.53919148,14.57,0.0308085200000007,30.808520000000783,1630969
2025-03-26 06:39:34+00:00,2025-03-26 06:39:39.002092028+00:00,239.13497535,15.78769639,15.914,0.126303609999999,30.203610663965776,1612427
2025-03-27 22:00:04+00:00,2025-03-27 22:00:04.852589663+00:00,268.98333413,15.02801502,15.139,0.1109849799999995,29.85310995875125,1685552
2025-03-26 15:02:02+00:00,2025-03-26 15:02:02.102979925+00:00,140.0,13.09289188,13.306,0.2131081199999993,29.83513679999991,1628004
2025-03-27 21:34:54+00:00,2025-03-27 21:34:56.691699283+00:00,590.19470871,14.8788817,14.927,0.0481182999999987,28.39916605211964,1684771
2025-03-26 18:29:50+00:00,2025-03-26 18:29:51.848452818+00:00,310.0,13.90927955,14.0,0.0907204499999991,28.123339499999744,1634445
2025-03-28 15:19:28+00:00,2025-03-28 15:19:30.358313029+00:00,432.0,13.64885303,13.713,0.0641469699999994,27.71149103999977,1717773
2025-03-26 06:45:26+00:00,2025-03-26 06:45:28.625328151+00:00,200.0,15.78769639,15.924,0.1363036099999988,27.26072199999976,1612609
2025-03-26 14:18:04+00:00,2025-03-26 14:18:04.247130923+00:00,480.0,13.94263956,13.999,0.0563604400000006,27.0530112000003,1626641
2025-03-26 17:00:22+00:00,2025-03-26 17:00:22.756007280+00:00,344.20325449,14.45745017,14.536,0.07854983,27.03710712563625,1631672
2025-03-26 19:34:56+00:00,2025-03-26 19:34:57.003595964+00:00,265.01512961000003,13.78326915,13.885,0.1017308499999991,26.960214398085245,1636463
2025-03-24 17:51:42+00:00,2025-03-24 17:51:50.663019414+00:00,264.5,16.8882764,16.989,0.100723600000002,26.64139220000053,1543983
2025-03-26 17:14:28+00:00,2025-03-26 17:14:30.071118022+00:00,655.0,14.30553828,14.346,0.0404617199999997,26.502426599999804,1632109
2025-03-26 14:38:08+00:00,2025-03-26 14:38:08.232448712+00:00,180.0,13.86062793,14.007,0.1463720699999999,26.346972599999997,1627263
2025-03-26 15:53:22+00:00,2025-03-26 15:53:22.317130093+00:00,525.46048736,14.63208655,14.682,0.04991345,26.227545762819005,1629595
2025-03-27 04:56:00+00:00,2025-03-27 04:56:00.044586058+00:00,400.0,14.51748548,14.583,0.0655145200000006,26.205808000000275,1653857
2025-03-27 05:19:28+00:00,2025-03-27 05:19:28.051802283+00:00,1901.1691527,14.42629975,14.44,0.0137002499999994,26.046492684277062,1654584
2025-03-27 13:54:30+00:00,2025-03-27 13:54:30.282211940+00:00,199.73464682,14.09730266,14.227,0.1296973399999998,25.905052398393437,1670550
2025-03-26 14:27:00+00:00,2025-03-26 14:27:00.007657153+00:00,59.0,13.52335238,13.961,0.4376476199999999,25.821209579999994,1626918
2025-03-28 00:18:18+00:00,2025-03-28 00:18:23.560280910+00:00,274.99424086,14.52611951,14.62,0.0938804900000001,25.816594079114846,1689837
2025-03-24 16:08:10+00:00,2025-03-24 16:08:11.837059743+00:00,250.0,16.90273675,17.006,0.1032632500000012,25.815812500000312,1540774
2025-03-26 16:14:58+00:00,2025-03-26 16:14:59.059785817+00:00,241.0,14.43602887,14.541,0.1049711300000009,25.29804233000022,1630264
2025-03-28 15:39:18+00:00,2025-03-28 15:39:21.872641336+00:00,616.0,13.78529392,13.825,0.0397060799999984,24.45894527999903,1718388
2025-03-27 06:35:54+00:00,2025-03-27 06:35:58.613340702+00:00,1190.2086,14.60851871,14.629,0.0204812899999993,24.37700749709319,1656953
2025-03-26 06:25:38+00:00,2025-03-26 06:25:38.756009679+00:00,890.32172238,15.78769639,15.815,0.0273036099999988,24.308997082390736,1611995
2025-03-24 05:03:00+00:00,2025-03-24 05:03:01.406248002+00:00,148.88296749,16.85915737,17.021,0.1618426300000024,24.09561102078646,1520205
2025-03-26 16:21:46+00:00,2025-03-26 16:21:46.056203637+00:00,160.0,14.51967603,14.67,0.1503239700000005,24.051835200000085,1630475
2025-03-26 15:44:26+00:00,2025-03-26 15:44:26.054807834+00:00,385.50525371,14.01464163,14.077,0.0623583700000001,24.03947924779209,1629318
2025-03-26 08:33:52+00:00,2025-03-26 08:33:52.464914589+00:00,376.02074199,16.03559606,16.097,0.0614039400000017,23.08915507991008,1615970
2025-03-26 15:03:20+00:00,2025-03-26 15:03:20.016524865+00:00,163.0,13.1822745,13.321,0.1387254999999996,22.612256499999937,1628044
2025-03-27 08:55:52+00:00,2025-03-27 08:55:52.045140177+00:00,500.0,14.44986029,14.495,0.045139709999999,22.569854999999528,1661292
2025-03-26 15:49:06+00:00,2025-03-26 15:49:06.130187055+00:00,144.0,14.69700256,14.852,0.1549974400000007,22.319631360000106,1629463
2025-03-28 15:14:18+00:00,2025-03-28 15:14:36.014962174+00:00,320.81753898,13.64885303,13.716,0.0671469699999995,21.54192566536376,1717613
2025-03-28 10:19:18+00:00,2025-03-28 10:19:29.882126037+00:00,703.7086444,13.63770603,13.668,0.0302939699999988,21.31812856219349,1708468
2025-03-25 08:33:20+00:00,2025-03-25 08:33:23.011815467+00:00,263.65765781,16.19950129,16.28,0.0804987100000005,21.22410133532656,1571314
2025-03-24 05:01:00+00:00,2025-03-24 05:01:02.060998729+00:00,154.0,16.85915737,16.996,0.1368426300000003,21.07376502000005,1520143
2025-03-26 19:18:04+00:00,2025-03-26 19:18:06.120797959+00:00,250.0,13.64704654,13.731,0.08395346,20.98836500000001,1635941
2025-03-26 15:45:34+00:00,2025-03-26 15:45:34.188912688+00:00,45.93,14.01464163,14.466,0.4513583699999994,20.730889934099974,1629353
2025-03-26 18:44:30+00:00,2025-03-26 18:44:30.001684635+00:00,390.0,13.88612297,13.939,0.0528770299999994,20.62204169999978,1634900
2025-03-24 10:13:36+00:00,2025-03-24 10:13:36.054746492+00:00,1005.0,17.1536846,17.174,0.0203154000000012,20.41697700000121,1529834
2025-03-26 14:40:52+00:00,2025-03-26 14:40:53.008914135+00:00,8615.0094156,14.0086419,14.011,0.0023580999999985,20.31505370291418,1627347
2025-03-28 16:27:08+00:00,2025-03-28 16:27:08.937414859+00:00,400.0,13.56652606,13.617,0.0504739400000016,20.18957600000064,1719871
2025-03-26 17:00:08+00:00,2025-03-26 17:00:08.019129687+00:00,308.86585552,14.45745017,14.522,0.0645498300000007,19.937238466620773,1631665
2025-03-24 23:01:08+00:00,2025-03-24 23:01:08.217081421+00:00,490.97603125,16.52844208,16.569,0.0405579199999976,19.91296659735387,1553576
2025-03-24 14:58:54+00:00,2025-03-24 14:58:55.786282337+00:00,550.0,16.89879958,16.935,0.0362004200000001,19.910231000000067,1538626
2025-03-26 14:24:08+00:00,2025-03-26 14:24:08.008119738+00:00,150.0,13.49857929,13.631,0.1324207099999998,19.863106499999983,1626829
2025-03-26 15:06:22+00:00,2025-03-26 15:06:22.471227352+00:00,198.20272226,13.4478294,13.548,0.1001706000000002,19.8540856104176,1628138
2025-03-27 11:18:04+00:00,2025-03-27 11:18:04.008590468+00:00,777.0,14.50570766,14.531,0.02529234,19.65214818000002,1665701
2025-03-26 15:17:04+00:00,2025-03-26 15:17:04.139487962+00:00,50.0,12.91233035,13.303,0.3906696500000013,19.533482500000066,1628470
2025-03-27 00:29:38+00:00,2025-03-27 00:29:45.008992486+00:00,245.61791886,14.06049803,14.139,0.0785019699999995,19.28149049781005,1645599
2025-03-24 13:56:46+00:00,2025-03-24 13:56:47.017046586+00:00,119.47,17.08575822,17.243,0.1572417799999996,18.78567545659996,1536700
2025-03-24 03:40:00+00:00,2025-03-24 03:40:00.064096050+00:00,125.35,16.29741553,16.447,0.1495844700000006,18.75041331450008,1517632
2025-03-26 15:19:20+00:00,2025-03-26 15:19:20.001111134+00:00,40.0,14.31550412,14.781,0.4654958800000006,18.619835200000026,1628540
2025-03-26 15:04:04+00:00,2025-03-26 15:04:04.119301884+00:00,200.0,13.31791061,13.411,0.0930893899999993,18.61787799999988,1628067
2025-03-26 13:28:52+00:00,2025-03-26 13:28:54.268918974+00:00,238.0,15.63423623,15.712,0.0777637699999989,18.507777259999735,1625115
2025-03-26 15:47:08+00:00,2025-03-26 15:47:08.088888753+00:00,205.0,14.41989794,14.51,0.0901020599999995,18.470922299999906,1629402
2025-03-26 18:40:30+00:00,2025-03-26 18:40:30.004550368+00:00,500.0,13.88612297,13.923,0.0368770299999994,18.43851499999971,1634776
2025-03-24 06:48:58+00:00,2025-03-24 06:48:58.050461056+00:00,153.0,16.54991521,16.67,0.1200847899999999,18.37297286999999,1523490
2025-03-27 22:05:00+00:00,2025-03-27 22:05:01.036850374+00:00,150.0,15.02801502,15.149,0.1209849799999993,18.147746999999903,1685705
2025-03-24 09:39:18+00:00,2025-03-24 09:39:20.593304352+00:00,122.53,16.61816309,16.766,0.1478369099999987,18.114456582299848,1528771
2025-03-24 17:36:20+00:00,2025-03-24 17:36:25.289257170+00:00,433.39995633,16.8882764,16.93,0.0417236000000009,18.08300641793081,1543507
2025-03-24 03:41:38+00:00,2025-03-24 03:41:39.067443577+00:00,125.35,16.29741553,16.439,0.1415844700000015,17.74761331450019,1517683
2025-03-28 18:33:48+00:00,2025-03-28 18:33:49.814204236+00:00,619.0,13.47244553,13.501,0.0285544699999995,17.675216929999724,1723797
2025-03-27 09:29:18+00:00,2025-03-27 09:29:18.045872145+00:00,140.0,14.44986029,14.575,0.1251397099999991,17.519559399999878,1662329
2025-03-26 14:46:06+00:00,2025-03-26 14:46:06.097178591+00:00,250.0,14.07272889,14.142,0.0692711099999989,17.317777499999742,1627510
2025-03-25 19:26:26+00:00,2025-03-25 19:26:27.210294591+00:00,365.09590889,16.11881057,16.166,0.0471894299999995,17.228667835850864,1591560
2025-03-26 01:07:36+00:00,2025-03-26 01:07:38.069680012+00:00,429.0954421,16.15792368,16.198,0.0400763200000007,17.19656624814138,1602136
2025-03-25 13:03:42+00:00,2025-03-25 13:03:43.814759007+00:00,117.54,16.54270973,16.687,0.1442902700000026,16.95987833580031,1579695
2025-03-24 18:39:58+00:00,2025-03-24 18:39:58.013652179+00:00,152.01266076000002,16.8166205,16.928,0.1113795000000017,16.931094149118685,1545479
2025-03-28 15:14:52+00:00,2025-03-28 15:14:55.438438414+00:00,225.0,13.64885303,13.724,0.0751469700000004,16.908068250000106,1717630
2025-03-26 14:00:54+00:00,2025-03-26 14:00:54.089509763+00:00,50.0,14.09574745,14.432,0.3362525500000011,16.812627500000055,1626108
2025-03-26 13:54:06+00:00,2025-03-26 13:54:06.042411281+00:00,236.0,14.79152682,14.862,0.0704731800000004,16.63167048000011,1625898
2025-03-26 13:55:00+00:00,2025-03-26 13:55:00.025526197+00:00,225.0,14.79152682,14.865,0.0734731800000005,16.53146550000013,1625926
2025-03-24 16:39:02+00:00,2025-03-24 16:39:03.018684349+00:00,105.0,16.73136025,16.888,0.15663975,16.447173750000008,1541731
2025-03-26 08:17:52+00:00,2025-03-26 08:17:53.076858972+00:00,310.0,16.03559606,16.088,0.0524039400000013,16.245221400000425,1615474
2025-03-24 16:35:26+00:00,2025-03-24 16:35:26.538343697+00:00,241.0,16.73136025,16.798,0.0666397499999966,16.060179749999197,1541619
2025-03-25 08:37:30+00:00,2025-03-25 08:37:35.913780377+00:00,165.0,16.19950129,16.295,0.0954987100000011,15.75728715000018,1571443
2025-03-26 13:29:16+00:00,2025-03-26 13:29:18.033913928+00:00,199.99997,15.63423623,15.713,0.0787637699999983,15.752751637086568,1625128
2025-03-25 08:03:56+00:00,2025-03-25 08:03:58.398177513+00:00,500.0,16.19950129,16.231,0.031498710000001,15.74935500000052,1570402
2025-03-27 21:21:44+00:00,2025-03-27 21:21:46.019416266+00:00,597.08393588,14.72465582,14.751,0.0263441799999988,15.72968668193048,1684363
2025-03-26 15:47:48+00:00,2025-03-26 15:47:48.058030934+00:00,163.0,14.59168049,14.688,0.0963195100000007,15.700080130000115,1629422
2025-03-25 12:13:44+00:00,2025-03-25 12:13:44.049519444+00:00,158.94,16.43110865,16.528,0.0968913499999999,15.399911168999989,1578146
2025-03-24 09:40:20+00:00,2025-03-24 09:40:22.040355931+00:00,122.22,16.61816309,16.744,0.1258369100000003,15.379787140200037,1528803
2025-03-24 05:02:52+00:00,2025-03-24 05:02:52.823141047+00:00,94.55838464,16.85915737,17.02,0.1608426300000012,15.209019274049318,1520201
2025-03-24 03:23:38+00:00,2025-03-24 03:23:39.019384462+00:00,200.0,16.29741553,16.373,0.0755844700000025,15.116894000000514,1517125
2025-03-26 15:19:00+00:00,2025-03-26 15:19:00.041875931+00:00,32.0,14.15134492,14.619,0.4676550800000001,14.964962560000004,1628529
2025-03-26 09:02:14+00:00,2025-03-26 09:02:22.617847101+00:00,200.0,16.010337,16.085,0.074663000000001,14.932600000000209,1616850
2025-03-24 16:45:04+00:00,2025-03-24 16:45:08.061735723+00:00,110.0,16.73136025,16.867,0.1356397499999992,14.92037249999992,1541918
2025-03-25 20:16:50+00:00,2025-03-25 20:16:50.676464228+00:00,207.193733,16.35828766,16.43,0.0717123400000012,14.858347426765482,1593122
2025-03-24 09:38:14+00:00,2025-03-24 09:38:14.036519283+00:00,122.84,16.61816309,16.739,0.1208369100000013,14.84360602440016,1528738
2025-03-26 08:08:04+00:00,2025-03-26 08:08:04.008981776+00:00,165.0,16.03559606,16.125,0.0894039400000004,14.751650100000068,1615171
2025-03-28 08:04:18+00:00,2025-03-28 08:04:18.637361630+00:00,214.8,13.71254938,13.781,0.0684506200000001,14.703193176000028,1704283
2025-03-27 06:08:32+00:00,2025-03-27 06:08:33.054216152+00:00,205.8,14.42629975,14.497,0.0707002499999998,14.550111449999958,1656105
2025-03-25 13:01:54+00:00,2025-03-25 13:01:54.826416559+00:00,118.51,16.54270973,16.665,0.1222902700000005,14.49261989770007,1579639
2025-03-25 07:42:48+00:00,2025-03-25 07:42:50.059469778+00:00,194.99996747,15.99072744,16.065,0.0742725600000007,14.483146783913762,1569747
2025-03-26 08:07:38+00:00,2025-03-26 08:07:39.040792969+00:00,189.3655229,16.03559606,16.112,0.0764039399999987,14.468272049719983,1615157
2025-03-27 14:03:04+00:00,2025-03-27 14:03:04.067972717+00:00,308.934,14.23831044,14.285,0.0466895600000007,14.423992529040246,1670816
2025-03-26 14:27:04+00:00,2025-03-26 14:27:04.014441091+00:00,30.0,13.52335238,14.0,0.4766476199999996,14.299428599999988,1626920
2025-03-27 13:59:56+00:00,2025-03-27 14:00:02.385860047+00:00,399.0,14.23831044,14.274,0.0356895599999997,14.240134439999917,1670718
2025-03-26 15:01:54+00:00,2025-03-26 15:01:54.065963600+00:00,59.99999775,13.09289188,13.329,0.2361081200000008,14.16648666875678,1627999
2025-03-28 06:19:58+00:00,2025-03-28 06:20:03.050721150+00:00,494.0,13.98834095,14.017,0.0286590499999999,14.157570699999956,1701048
2025-03-27 20:44:00+00:00,2025-03-27 20:44:11.005007224+00:00,100.5,14.46426143,14.605,0.1407385699999999,14.14422628499999,1683193
2025-03-26 15:45:38+00:00,2025-03-26 15:45:38.087178339+00:00,30.0,14.01464163,14.484,0.4693583700000001,14.080751100000004,1629355
2025-03-26 08:15:38+00:00,2025-03-26 08:15:39.008272712+00:00,310.0,16.03559606,16.081,0.0454039399999999,14.075221399999975,1615405
2025-03-26 19:21:20+00:00,2025-03-26 19:21:20.896758976+00:00,98.3465,13.64704654,13.79,0.1429534599999993,14.058972453889933,1636042
2025-03-26 10:06:50+00:00,2025-03-26 10:07:03.016918298+00:00,100.0,16.00958086,16.15,0.1404191399999987,14.041913999999878,1618852
2025-03-26 15:45:40+00:00,2025-03-26 15:45:40.102727293+00:00,29.4477,14.01464163,14.488,0.4733583699999997,13.939315272248992,1629356
2025-03-26 15:19:08+00:00,2025-03-26 15:19:08.069920753+00:00,30.0,14.15134492,14.615,0.4636550800000005,13.909652400000017,1628534
2025-03-27 08:33:38+00:00,2025-03-27 08:33:38.206398938+00:00,124.0,14.30613378,14.418,0.1118662199999995,13.871411279999949,1660603
2025-03-26 18:31:04+00:00,2025-03-26 18:31:07.013129654+00:00,499.0,13.90927955,13.937,0.0277204499999985,13.832504549999284,1634484
2025-03-27 14:53:50+00:00,2025-03-27 14:53:52.724293226+00:00,99.81,14.40943278,14.548,0.1385672200000005,13.830394228200054,1672389
2025-03-26 05:57:18+00:00,2025-03-26 05:57:26.032381512+00:00,187.27,15.64755603,15.721,0.0734439699999995,13.753852261899922,1611117
2025-03-25 13:07:50+00:00,2025-03-25 13:07:51.417060149+00:00,135.0,16.54270973,16.644,0.1012902699999998,13.674186449999972,1579823
2025-03-28 16:31:20+00:00,2025-03-28 16:31:31.347585023+00:00,133.07561585000002,13.56652606,13.669,0.1024739400000012,13.636782674076112,1720001
2025-03-28 18:39:48+00:00,2025-03-28 18:39:48.390511371+00:00,150.151,13.47244553,13.563,0.0905544700000007,13.59684422497011,1723983
2025-03-27 05:30:00+00:00,2025-03-27 05:30:00.053673037+00:00,142.49636299,14.42629975,14.521,0.0947002500000007,13.494441199243848,1654910
2025-03-26 15:17:16+00:00,2025-03-26 15:17:16.023190045+00:00,26.96,13.16399538,13.663,0.4990046200000009,13.453164555200024,1628476
2025-03-26 17:35:12+00:00,2025-03-26 17:35:12.964069972+00:00,100.0,14.01479558,14.148,0.1332044200000002,13.32044200000002,1632752
2025-03-26 15:19:00+00:00,2025-03-26 15:19:00.041875931+00:00,28.41450054,14.15134492,14.619,0.4676550800000001,13.288185523193748,1628529
2025-03-27 03:12:50+00:00,2025-03-27 03:12:52.031100597+00:00,1185.0,14.94488332,14.956,0.0111166799999988,13.173265799998672,1650658
2025-03-26 08:38:58+00:00,2025-03-26 08:38:58.791995429+00:00,164.99,16.03559606,16.115,0.0794039399999988,13.10085606059981,1616128
2025-03-26 23:03:52+00:00,2025-03-26 23:03:52.129355175+00:00,100.0,13.6655,13.796,0.1304999999999996,13.049999999999962,1642940
2025-03-26 20:34:50+00:00,2025-03-26 20:34:51.514841574+00:00,260.0,14.267,14.317,0.0500000000000007,13.000000000000185,1638320
2025-03-27 21:05:28+00:00,2025-03-27 21:05:28.094228089+00:00,100.87254344,14.76819572,14.896,0.1278042800000012,12.891942786118044,1683859
2025-03-26 03:34:40+00:00,2025-03-26 03:34:40.293534559+00:00,320.0,15.77775139,15.818,0.040248609999999,12.879555199999686,1606695
2025-03-26 17:48:38+00:00,2025-03-26 17:48:38.040512691+00:00,1000.0,14.15719385,14.17,0.0128061499999994,12.806149999999406,1633168
2025-03-26 14:00:56+00:00,2025-03-26 14:00:56.086830886+00:00,42.26,14.09574745,14.397,0.3012525500000009,12.73093276300004,1626109
2025-03-27 22:57:38+00:00,2025-03-27 22:57:39.537904568+00:00,235.23582576,14.84002232,14.894,0.0539776800000009,12.697484127409252,1687336
2025-03-24 08:53:38+00:00,2025-03-24 08:53:38.015040845+00:00,239.0,16.71588505,16.769,0.0531149499999976,12.69447304999944,1527355
2025-03-25 13:47:14+00:00,2025-03-25 13:47:14.204014254+00:00,100.0,16.41787738,16.544,0.1261226200000003,12.61226200000003,1581045
2025-03-28 22:39:14+00:00,2025-03-28 22:39:14.197287030+00:00,101.53893992,13.17646179,13.3,0.1235382100000013,12.543938883014476,1731406
2025-03-28 15:38:28+00:00,2025-03-28 15:38:32.043385173+00:00,323.18703679337915,13.78529392,13.824,0.0387060799999989,12.509303301087144,1718362
2025-03-27 01:28:26+00:00,2025-03-27 01:28:26.041977212+00:00,277.04058315000003,14.67491016,14.72,0.045089840000001,12.491715567740489,1647422
2025-03-26 12:52:10+00:00,2025-03-26 12:52:10.995193619+00:00,303.0,16.04984129,16.091,0.0411587100000012,12.471089130000385,1623978
2025-03-26 14:03:26+00:00,2025-03-26 14:03:26.099753176+00:00,50.0,13.8496087,14.099,0.2493913000000009,12.469565000000047,1626187
2025-03-27 12:11:48+00:00,2025-03-27 12:11:48.009261966+00:00,200.0,14.42987828,14.492,0.0621217200000003,12.424344000000076,1667366
2025-03-26 15:22:04+00:00,2025-03-26 15:22:04.047593110+00:00,90.0,14.53011502,14.668,0.137884979999999,12.409648199999914,1628625
2025-03-28 00:07:02+00:00,2025-03-28 00:07:03.683102001+00:00,654.99612106,14.52611951,14.545,0.0188804900000008,12.366647713712643,1689488
2025-03-25 12:12:36+00:00,2025-03-25 12:12:37.068168916+00:00,160.0,16.43110865,16.508,0.0768913500000003,12.302616000000056,1578111
2025-03-24 14:10:56+00:00,2025-03-24 14:10:58.078440900+00:00,294.0,17.26339971,17.305,0.0416002899999981,12.23048525999944,1537139
2025-03-25 12:49:48+00:00,2025-03-25 12:49:49.519487087+00:00,157.73,16.54270973,16.62,0.0772902700000024,12.190994287100384,1579264
2025-03-24 06:42:10+00:00,2025-03-24 06:42:14.024871553+00:00,153.91995557,16.54991521,16.629,0.0790847899999995,12.172727363062716,1523280
2025-03-26 16:02:14+00:00,2025-03-26 16:02:14.337147335+00:00,100.0,14.2207833,14.342,0.1212166999999997,12.121669999999972,1629870
2025-03-24 15:41:22+00:00,2025-03-24 15:41:23.011574832+00:00,700.0,16.90273675,16.92,0.0172632500000027,12.08427500000191,1539943
2025-03-26 15:22:08+00:00,2025-03-26 15:22:08.238373822+00:00,70.0,14.53011502,14.701,0.1708849800000003,11.96194860000002,1628627
2025-03-27 14:25:56+00:00,2025-03-27 14:26:03.055875902+00:00,199.5,14.23831044,14.298,0.0596895600000006,11.908067220000138,1671524
2025-03-26 15:48:52+00:00,2025-03-26 15:48:52.018729405+00:00,129.0,14.69700256,14.789,0.0919974400000001,11.867669760000013,1629455
2025-03-26 14:27:34+00:00,2025-03-26 14:27:34.024542913+00:00,50.0,13.88317806,14.119,0.2358219399999992,11.791096999999962,1626935
2025-03-26 15:02:00+00:00,2025-03-26 15:02:01.291490665+00:00,55.00555616,13.09289188,13.307,0.2141081200000005,11.77713621897205,1628003
2025-03-26 14:51:04+00:00,2025-03-26 14:51:04.048484781+00:00,250.0,13.85997,13.907,0.0470299999999994,11.757499999999864,1627664
2025-03-26 14:03:46+00:00,2025-03-26 14:03:46.141331727+00:00,30.0,13.8496087,14.241,0.3913913000000004,11.741739000000011,1626197
2025-03-26 14:37:22+00:00,2025-03-26 14:37:22.009688671+00:00,108.2956,13.79881706,13.907,0.1081829400000007,11.715736397064076,1627239
2025-03-27 23:15:28+00:00,2025-03-27 23:15:31.030442978+00:00,105.0,14.66968876,14.78,0.1103112399999997,11.582680199999968,1687889
2025-03-28 20:02:00+00:00,2025-03-28 20:02:05.654241392+00:00,128.0,13.1872438,13.277,0.0897562,11.488793600000008,1726532
2025-03-26 14:05:56+00:00,2025-03-26 14:05:56.324370746+00:00,40.0,14.2551148,14.541,0.2858852000000009,11.435408000000038,1626264
2025-03-26 19:23:02+00:00,2025-03-26 19:23:02.050650091+00:00,161.4,13.78317448,13.854,0.0708255199999996,11.431238927999942,1636095
2025-03-27 21:53:24+00:00,2025-03-27 21:53:25.833221741+00:00,254.03,15.02801502,15.073,0.0449849800000006,11.427534469400156,1685345
2025-03-27 16:13:38+00:00,2025-03-27 16:13:41.062928130+00:00,140.5,14.37089826,14.452,0.0811017399999993,11.394794469999912,1674812
2025-03-28 00:16:54+00:00,2025-03-28 00:17:01.034417608+00:00,284.9999721,14.52611951,14.566,0.0398804900000016,11.365938537334785,1689793
2025-03-26 17:00:56+00:00,2025-03-26 17:00:56.559741614+00:00,150.0,14.45745017,14.533,0.0755498299999999,11.33247449999999,1631689
2025-03-28 08:45:02+00:00,2025-03-28 08:45:04.055397357+00:00,277.0,13.57220858,13.613,0.0407914199999996,11.299223339999914,1705546
2025-03-25 12:39:18+00:00,2025-03-25 12:39:25.072585906+00:00,158.2,16.54270973,16.614,0.0712902700000022,11.278120714000348,1578939
2025-03-26 14:26:50+00:00,2025-03-26 14:26:50.054673494+00:00,30.0,13.52335238,13.899,0.3756476199999987,11.269428599999962,1626912
2025-03-24 17:24:44+00:00,2025-03-24 17:24:54.846486382+00:00,100.0,16.71949531,16.832,0.1125046900000015,11.250469000000152,1543147
2025-03-25 14:38:10+00:00,2025-03-25 14:38:11.113392605+00:00,150.0,16.57701092,16.652,0.0749890800000017,11.248362000000256,1582624
2025-03-26 15:44:08+00:00,2025-03-26 15:44:08.393192992+00:00,40.0,13.80713475,14.087,0.2798652500000003,11.194610000000011,1629309
2025-03-26 15:17:20+00:00,2025-03-26 15:17:20.043013688+00:00,15.66667983,13.16399538,13.878,0.7140046200000008,11.186081778680828,1628478
2025-03-26 13:59:56+00:00,2025-03-26 13:59:56.011819679+00:00,30.0,13.45293666,13.823,0.3700633399999997,11.101900199999992,1626078
2025-03-26 10:30:46+00:00,2025-03-26 10:30:47.076707513+00:00,100.2243,16.14165877,16.252,0.1103412299999995,11.05887253788895,1619594
2025-03-26 08:35:52+00:00,2025-03-26 08:35:53.089220978+00:00,165.59,16.03559606,16.101,0.0654039399999995,10.830238424599916,1616032
2025-03-26 14:00:40+00:00,2025-03-26 14:00:40.416960257+00:00,54.0,14.09574745,14.296,0.20025255,10.813637700000005,1626101
2025-03-26 15:21:54+00:00,2025-03-26 15:21:54.249828701+00:00,33.06,14.27740995,14.603,0.3255900500000006,10.764007053000022,1628619
2025-03-25 20:35:46+00:00,2025-03-25 20:35:48.045952002+00:00,10000.0,16.33392894,16.335,0.001071060000001,10.710600000010118,1593709
2025-03-26 15:02:00+00:00,2025-03-26 15:02:01.291490665+00:00,50.0,13.09289188,13.307,0.2141081200000005,10.705406000000028,1628002
2025-03-24 03:38:04+00:00,2025-03-24 03:38:05.377495758+00:00,83.87,16.29741553,16.425,0.1275844700000021,10.700509498900182,1517573
2025-03-25 13:25:52+00:00,2025-03-25 13:25:52.632065897+00:00,116.85,16.69046173,16.782,0.0915382700000009,10.696246849500108,1580382
2025-03-25 12:43:14+00:00,2025-03-25 12:43:14.683865443+00:00,157.95,16.54270973,16.61,0.0672902700000008,10.628498146500135,1579061
2025-03-24 08:53:40+00:00,2025-03-24 08:53:44.022039829+00:00,199.0,16.71588505,16.769,0.0531149499999976,10.569875049999537,1527356
2025-03-26 14:04:52+00:00,2025-03-26 14:04:52.319357005+00:00,60.0,14.05133448,14.227,0.1756655200000008,10.539931200000048,1626231
2025-03-26 21:53:52+00:00,2025-03-26 21:53:52.004546660+00:00,99.0,13.91557607,14.022,0.10642393,10.535969070000004,1640770
2025-03-26 13:36:30+00:00,2025-03-26 13:36:31.815278613+00:00,699.927,15.5021226,15.517,0.0148773999999995,10.413093949799718,1625352
2025-03-26 10:03:14+00:00,2025-03-26 10:03:17.087878143+00:00,80.0,16.00958086,16.139,0.1294191399999995,10.353531199999964,1618741
2025-03-26 08:41:44+00:00,2025-03-26 08:41:48.012146330+00:00,165.56,16.03559606,16.098,0.0624039399999993,10.331596306399897,1616214
2025-03-25 13:26:16+00:00,2025-03-25 13:26:17.476631098+00:00,134.55727432,16.69046173,16.767,0.0765382700000003,10.298780992368274,1580395
2025-03-25 11:03:10+00:00,2025-03-25 11:03:12.165770204+00:00,82.5,16.4505417,16.575,0.1244583000000005,10.267809750000048,1575959
2025-03-27 04:20:14+00:00,2025-03-27 04:20:15.112287028+00:00,90.01721366,14.67008216,14.784,0.1139178400000009,10.254566542965778,1652748
2025-03-26 08:40:02+00:00,2025-03-26 08:40:03.042098954+00:00,164.82,16.03559606,16.097,0.0614039400000017,10.12059739080028,1616162
2025-03-24 03:36:46+00:00,2025-03-24 03:36:55.021290025+00:00,84.1,16.29741553,16.417,0.119584470000003,10.057053927000256,1517532
2025-03-26 16:30:56+00:00,2025-03-26 16:30:56.005732881+00:00,159.99993116857047,14.95469513,15.017,0.0623048700000001,9.96877491146676,1630759
2025-03-24 17:30:28+00:00,2025-03-24 17:30:28.020478775+00:00,250.0,16.8882764,16.928,0.039723600000002,9.93090000000052,1543325
2025-03-24 17:27:36+00:00,2025-03-24 17:27:39.036832735+00:00,60.0,16.71949531,16.885,0.1655046900000023,9.93028140000014,1543236
2025-03-28 23:46:28+00:00,2025-03-28 23:46:40.092126616+00:00,101.07898975,13.30864594,13.406,0.0973540600000006,9.840450032860954,1733490
2025-03-28 00:21:24+00:00,2025-03-28 00:21:26.661800470+00:00,114.99999775,14.52611951,14.611,0.0848804900000015,9.761256159019071,1689933
2025-03-26 15:18:52+00:00,2025-03-26 15:18:52.361813693+00:00,30.0,14.15134492,14.475,0.32365508,9.7096524,1628525
2025-03-26 21:04:58+00:00,2025-03-26 21:05:00.033273910+00:00,110.0,14.29188733,14.38,0.088112670000001,9.69239370000011,1639254
2025-03-24 08:12:32+00:00,2025-03-24 08:12:36.013163819+00:00,124.6,16.68908896,16.766,0.0769110399999988,9.583115583999852,1526081
2025-03-27 01:42:04+00:00,2025-03-27 01:42:05.932547395+00:00,100.0,14.56462679,14.66,0.0953732099999999,9.537321,1647845
2025-03-24 08:11:18+00:00,2025-03-24 08:11:18.283211912+00:00,125.4,16.68908896,16.765,0.0759110400000011,9.519244416000143,1526043
2025-03-26 14:13:42+00:00,2025-03-26 14:13:42.104273138+00:00,94.72,13.8796457,13.98,0.1003543000000011,9.505559296000106,1626505
2025-03-26 15:18:42+00:00,2025-03-26 15:18:42.194963302+00:00,67.75,14.22562402,14.365,0.1393759800000005,9.442722645000035,1628520
2025-03-28 05:03:40+00:00,2025-03-28 05:03:45.358894032+00:00,136.95347786,14.11287902,14.181,0.0681209799999997,9.329405126231473,1698683
2025-03-26 08:37:46+00:00,2025-03-26 08:37:48.116225776+00:00,165.16,16.03559606,16.092,0.0564039399999991,9.31567473039986,1616091
2025-03-27 10:05:12+00:00,2025-03-27 10:05:15.030323506+00:00,67.24867456,14.4995934,14.638,0.1384065999999997,9.307660400356076,1663442
2025-03-27 21:47:10+00:00,2025-03-27 21:47:11.021474514+00:00,57.37254368,14.8788817,15.041,0.1621182999999995,9.301139248077314,1685152
2025-03-24 21:20:24+00:00,2025-03-24 21:20:32.034035786+00:00,252.0,16.96941078,17.006,0.0365892199999997,9.220483439999938,1550453
2025-03-26 10:43:50+00:00,2025-03-26 10:43:56.256926124+00:00,217.83,16.25969039,16.302,0.0423096100000002,9.216302346300049,1619999
2025-03-24 08:13:44+00:00,2025-03-24 08:13:44.011575275+00:00,124.48,16.68908896,16.763,0.0739110400000022,9.200446259200282,1526118
2025-03-24 03:32:54+00:00,2025-03-24 03:32:55.050219012+00:00,84.3,16.29741553,16.406,0.1085844700000002,9.153670821000022,1517412
2025-03-28 15:45:08+00:00,2025-03-28 15:45:08.501583113+00:00,137.0,13.78529392,13.852,0.0667060799999994,9.138732959999924,1718569
2025-03-28 14:55:02+00:00,2025-03-28 14:55:02.047706809+00:00,66.3,13.50818122,13.646,0.1378187799999999,9.137385113999994,1717016
2025-03-26 19:58:28+00:00,2025-03-26 19:58:28.066577997+00:00,300.0,13.94155182,13.972,0.0304481799999987,9.134453999999614,1637193
2025-03-26 14:38:24+00:00,2025-03-26 14:38:24.037583732+00:00,40.0,13.86062793,14.088,0.2273720699999994,9.09488279999998,1627271
2025-03-26 10:05:22+00:00,2025-03-26 10:05:33.072970414+00:00,63.90759453,16.00958086,16.151,0.14141914,9.037757057901304,1618807
2025-03-28 01:43:06+00:00,2025-03-28 01:43:08.050180501+00:00,274.99201893000003,14.82020836,14.853,0.0327916399999992,9.017439287625535,1692466
2025-03-26 15:06:04+00:00,2025-03-26 15:06:04.050755423+00:00,105.0,13.36552818,13.451,0.0854718200000004,8.974541100000044,1628129
2025-03-25 21:11:28+00:00,2025-03-25 21:11:30.004772490+00:00,156.0,16.28953031,16.347,0.0574696900000013,8.96527164000021,1594816
2025-03-26 08:33:32+00:00,2025-03-26 08:33:33.088846272+00:00,164.59,16.03559606,16.09,0.0544039400000002,8.954344484600043,1615960
2025-03-28 03:37:46+00:00,2025-03-28 03:37:46.666195868+00:00,100.0,14.38847411,14.478,0.0895258899999991,8.95258899999991,1696020
2025-03-28 23:50:24+00:00,2025-03-28 23:50:27.001480174+00:00,100.0,13.30864594,13.398,0.0893540599999997,8.935405999999979,1733612
2025-03-24 08:20:16+00:00,2025-03-24 08:20:16.449869779+00:00,123.62,16.68908896,16.761,0.0719110399999998,8.889642764799978,1526321
2025-03-24 03:34:20+00:00,2025-03-24 03:34:22.086557648+00:00,83.95,16.29741553,16.403,0.1055844700000001,8.863816256500012,1517457
2025-03-28 16:51:08+00:00,2025-03-28 16:51:08.101809059+00:00,305.0,13.56200203,13.591,0.0289979699999989,8.844380849999673,1720615
2025-03-26 15:47:16+00:00,2025-03-26 15:47:16.067595004+00:00,49.37,14.41989794,14.599,0.1791020599999999,8.842268702199997,1629406
2025-03-26 19:20:28+00:00,2025-03-26 19:20:30.010216945+00:00,84.99999774999999,13.64704654,13.751,0.1039534599999996,8.836043866104681,1636015
2025-03-28 15:37:26+00:00,2025-03-28 15:37:32.048784929+00:00,61.98998654,13.64885303,13.791,0.1421469700000006,8.811688757001825,1718330
2025-03-25 10:49:50+00:00,2025-03-25 10:49:55.030077677+00:00,95.6999679,16.28702064,16.379,0.0919793599999998,8.802421799462529,1575545
2025-03-26 15:50:34+00:00,2025-03-26 15:50:34.082288786+00:00,51.65,14.45309499,14.623,0.169905009999999,8.775593766499949,1629508
2025-03-25 10:57:28+00:00,2025-03-25 10:57:36.718545978+00:00,209.0,16.4505417,16.492,0.0414583000000021,8.664784700000453,1575782
2025-03-26 20:01:20+00:00,2025-03-26 20:01:22.044797235+00:00,182.5916431,13.94155182,13.989,0.0474481799999999,8.66364114830455,1637282
2025-03-26 15:21:48+00:00,2025-03-26 15:21:48.062662485+00:00,50.0,14.27740995,14.45,0.1725900500000001,8.629502500000008,1628616
2025-03-26 10:41:40+00:00,2025-03-26 10:41:41.822087920+00:00,218.73,16.25969039,16.299,0.0393096100000001,8.598190995300023,1619932
2025-03-26 20:11:16+00:00,2025-03-26 20:11:16.068063769+00:00,165.30997,14.19407793,14.246,0.0519220699999998,8.58323583403787,1637590
2025-03-28 20:23:00+00:00,2025-03-28 20:23:08.032666029+00:00,100.0,13.32558959,13.411,0.0854104099999997,8.541040999999971,1727183
2025-03-27 13:42:12+00:00,2025-03-27 13:42:12.014366957+00:00,200.0,14.09730266,14.14,0.0426973400000001,8.539468000000028,1670169
2025-03-26 16:15:14+00:00,2025-03-26 16:15:15.653906+00:00,44.89612138,14.43602887,14.626,0.18997113,8.528966911175758,1630273
2025-03-26 08:34:52+00:00,2025-03-26 08:34:53.051550934+00:00,165.81,16.03559606,16.087,0.0514039400000001,8.523287291400024,1616001
2025-03-24 08:26:28+00:00,2025-03-24 08:26:28.084636704+00:00,250.0,16.68908896,16.723,0.0339110399999995,8.47775999999989,1526513
2025-03-26 14:04:56+00:00,2025-03-26 14:04:56.260042771+00:00,42.17,14.05133448,14.252,0.2006655200000011,8.462064978400049,1626233
2025-03-28 12:38:30+00:00,2025-03-28 12:38:30.509228605+00:00,143.17,13.73392643,13.793,0.0590735699999989,8.457563016899844,1712783
2025-03-26 15:23:24+00:00,2025-03-26 15:23:24.107538066+00:00,200.9,14.80396581,14.846,0.0420341900000007,8.444668771000151,1628666
2025-03-25 12:17:52+00:00,2025-03-25 12:17:55.127076785+00:00,118.72,16.43110865,16.502,0.0708913500000001,8.416221072000015,1578274
2025-03-28 18:48:58+00:00,2025-03-28 18:49:01.070290537+00:00,890.99266648,13.61360408,13.623,0.0093959199999993,8.37169581483217,1724267
2025-03-26 08:08:26+00:00,2025-03-26 08:08:29.194133094+00:00,92.14603878,16.03559606,16.126,0.0904039400000016,8.330364961104943,1615182
2025-03-26 06:31:32+00:00,2025-03-26 06:31:33.043629076+00:00,186.6,15.78769639,15.832,0.04430361,8.267053626000008,1612178
2025-03-27 14:43:18+00:00,2025-03-27 14:43:18.000480513+00:00,99.91,14.40943278,14.492,0.0825672200000013,8.249290950200137,1672063
2025-03-26 14:38:18+00:00,2025-03-26 14:38:18.193432983+00:00,55.21470599,13.86062793,14.01,0.14937207,8.247534928167703,1627268
2025-03-27 21:27:40+00:00,2025-03-27 21:27:40.226666965+00:00,273.7025372,14.8788817,14.909,0.0301182999999998,8.24345512615071,1684547
2025-03-25 19:28:06+00:00,2025-03-25 19:28:06.278053395+00:00,205.0,16.11881057,16.159,0.040189429999998,8.238833149999607,1591612
2025-03-27 10:06:46+00:00,2025-03-27 10:06:46.031113295+00:00,317.0,14.65302827,14.679,0.0259717300000001,8.233038410000061,1663490
2025-03-26 16:47:34+00:00,2025-03-26 16:47:34.002975211+00:00,96.0,14.44256027,14.528,0.0854397300000009,8.20221408000009,1631275
2025-03-26 14:18:18+00:00,2025-03-26 14:18:18.135860264+00:00,117.91,13.94263956,14.012,0.0693604400000005,8.17828948040006,1626648
2025-03-26 15:18:34+00:00,2025-03-26 15:18:34.090183762+00:00,50.0,14.22562402,14.389,0.1633759799999996,8.168798999999982,1628516
2025-03-28 15:13:00+00:00,2025-03-28 15:13:00.231248598+00:00,147.1,13.64885303,13.704,0.0551469700000009,8.112119287000134,1717572
2025-03-27 13:54:48+00:00,2025-03-27 13:54:48.082419295+00:00,60.0,14.09730266,14.232,0.1346973399999989,8.081840399999933,1670559
2025-03-28 20:24:16+00:00,2025-03-28 20:24:37.262481112+00:00,75.0,13.32558959,13.433,0.1074104099999999,8.055780749999997,1727222
2025-03-26 15:35:26+00:00,2025-03-26 15:35:27.065748953+00:00,30.0,14.25823869,14.526,0.2677613099999991,8.032839299999974,1629039
2025-03-26 08:32:36+00:00,2025-03-26 08:32:37.941248199+00:00,165.33,16.03559606,16.084,0.04840394,8.002623400200006,1615931
2025-03-26 15:22:18+00:00,2025-03-26 15:22:18.004207412+00:00,30.0,14.53011502,14.796,0.2658849799999991,7.976549399999975,1628632
2025-03-24 03:31:34+00:00,2025-03-24 03:31:36.024754012+00:00,85.0,16.29741553,16.391,0.0935844699999997,7.954679949999974,1517371
2025-03-26 13:45:00+00:00,2025-03-26 13:45:00.020400413+00:00,30.0,14.86389431,15.129,0.2651056900000004,7.953170700000012,1625615
2025-03-25 00:06:36+00:00,2025-03-25 00:06:38.383620426+00:00,999.18028207,16.64004336,16.648,0.0079566399999997,7.950117799529182,1555605
2025-03-26 08:07:34+00:00,2025-03-26 08:07:39.040792969+00:00,104.0,16.03559606,16.112,0.0764039399999987,7.946009759999868,1615155
2025-03-25 14:36:02+00:00,2025-03-25 14:36:04.053279509+00:00,103.19029558,16.57701092,16.654,0.0769890800000006,7.944525921632328,1582558
2025-03-28 06:11:16+00:00,2025-03-28 06:11:17.106285727+00:00,350.0,13.98834095,14.011,0.0226590499999996,7.930667499999888,1700779
2025-03-28 14:54:28+00:00,2025-03-28 14:54:28.084246350+00:00,60.99142428,13.50818122,13.637,0.1288187799999995,7.856840866211953,1716998
2025-03-27 20:40:34+00:00,2025-03-27 20:40:36.383619477+00:00,101.0,14.46426143,14.542,0.0777385699999992,7.851595569999928,1683087
2025-03-24 15:44:58+00:00,2025-03-24 15:44:58.024046419+00:00,549.9976328600001,16.90273675,16.917,0.0142632500000026,7.844753736891834,1540054
2025-03-26 15:44:14+00:00,2025-03-26 15:44:14.238161146+00:00,29.8394,13.80713475,14.07,0.2628652500000008,7.843741340850025,1629312
2025-03-24 08:15:32+00:00,2025-03-24 08:15:36.009461665+00:00,124.29,16.68908896,16.752,0.0629110399999994,7.819213161599935,1526174
2025-03-26 14:00:38+00:00,2025-03-26 14:00:38.006277126+00:00,40.0,14.09574745,14.289,0.1932525500000004,7.730102000000016,1626100
2025-03-26 15:46:32+00:00,2025-03-26 15:46:32.071280569+00:00,47.72,14.47377458,14.635,0.1612254199999991,7.69367704239996,1629383
2025-03-27 14:55:54+00:00,2025-03-27 14:55:56.447944087+00:00,99.7,14.55505122,14.632,0.0769487800000003,7.671793366000038,1672453
2025-03-24 04:48:24+00:00,2025-03-24 04:48:24.315816597+00:00,53.84636075,16.68161602,16.823,0.1413839800000005,7.613012791350812,1519753
2025-03-26 14:02:00+00:00,2025-03-26 14:02:00.048398319+00:00,172.0,14.34014435,14.384,0.0438556500000011,7.543171800000195,1626142
2025-03-26 15:39:18+00:00,2025-03-26 15:39:20.077107823+00:00,134.35196141,14.06107854,14.117,0.0559214600000004,7.513157835910915,1629159
2025-03-26 08:36:54+00:00,2025-03-26 08:37:02.472125597+00:00,165.38,16.03559606,16.081,0.0454039399999999,7.508903597199986,1616064
2025-03-25 21:06:00+00:00,2025-03-25 21:06:00.036515856+00:00,61.0,16.16397896,16.287,0.1230210399999975,7.504283439999853,1594647
2025-03-24 14:42:12+00:00,2025-03-24 14:42:12.015683105+00:00,350.0,17.08260728,17.104,0.0213927199999979,7.487451999999273,1538109
2025-03-25 13:24:56+00:00,2025-03-25 13:24:56.038146437+00:00,117.21,16.69046173,16.754,0.0635382700000022,7.447320626700261,1580353
2025-03-28 05:32:22+00:00,2025-03-28 05:32:22.612782618+00:00,54.0,13.96412874,14.101,0.1368712600000012,7.391048040000069,1699573
2025-03-26 15:00:40+00:00,2025-03-26 15:00:40.048723192+00:00,32.1599,13.1603588,13.39,0.2296412000000014,7.385238027880046,1627961
2025-03-26 14:14:06+00:00,2025-03-26 14:14:06.376140153+00:00,40.0,13.8796457,14.064,0.1843543000000007,7.37417200000003,1626518
2025-03-26 15:45:14+00:00,2025-03-26 15:45:14.055438962+00:00,50.0,14.01464163,14.162,0.1473583700000009,7.367918500000048,1629343
2025-03-26 15:20:48+00:00,2025-03-26 15:20:48.031384049+00:00,40.0,14.12622674,14.31,0.1837732600000006,7.350930400000024,1628585
2025-03-27 02:38:20+00:00,2025-03-27 02:38:20.776669403+00:00,594.7044698999999,14.79670845,14.809,0.0122915499999987,7.309839726998575,1649589
2025-03-26 15:54:22+00:00,2025-03-26 15:54:22.459026002+00:00,53.74,14.63208655,14.768,0.1359134500000003,7.303988803000018,1629626
2025-03-26 23:41:40+00:00,2025-03-26 23:41:44.022375274+00:00,300.49985791,13.91370753,13.938,0.0242924700000006,7.299883783283141,1644112
2025-03-24 04:44:18+00:00,2025-03-24 04:44:20.528089152+00:00,160.0,16.68161602,16.727,0.0453839800000004,7.261436800000069,1519626
2025-03-26 15:18:10+00:00,2025-03-26 15:18:10.053574300+00:00,83.43192762000001,14.31325431,14.4,0.0867456900000007,7.237360129427023,1628504
2025-03-26 13:45:16+00:00,2025-03-26 13:45:16.013740985+00:00,30.0,15.12314767,15.364,0.2408523300000009,7.225569900000028,1625624
2025-03-27 20:33:44+00:00,2025-03-27 20:33:45.027772964+00:00,114.4,14.46426143,14.527,0.0627385699999987,7.177292407999854,1682875
2025-03-25 19:48:00+00:00,2025-03-25 19:48:00.014836849+00:00,160.0,16.1571451,16.202,0.0448549000000007,7.176784000000112,1592229
2025-03-26 15:03:42+00:00,2025-03-26 15:03:42.842621505+00:00,40.0,13.1822745,13.361,0.1787255000000005,7.1490200000000215,1628055
2025-03-26 14:27:18+00:00,2025-03-26 14:27:18.446781577+00:00,40.0,13.88317806,14.061,0.1778219399999994,7.112877599999976,1626927
2025-03-26 12:47:00+00:00,2025-03-26 12:47:00.545180541+00:00,150.8091844,16.04984129,16.097,0.0471587100000014,7.111966592456349,1623817
2025-03-26 16:07:34+00:00,2025-03-26 16:07:34.083783626+00:00,143.57061848,14.2915373,14.341,0.0494626999999994,7.101390430690612,1630035
2025-03-26 15:17:40+00:00,2025-03-26 15:17:40.088472161+00:00,32.14,14.05231602,14.272,0.219683980000001,7.060643117200033,1628488
2025-03-26 15:52:24+00:00,2025-03-26 15:52:24.049837272+00:00,52.57,14.63208655,14.766,0.1339134499999996,7.039830066499982,1629565
2025-03-26 01:11:40+00:00,2025-03-26 01:11:40.469117516+00:00,163.17,16.15792368,16.201,0.0430763200000008,7.028763134400135,1602262
2025-03-24 16:13:18+00:00,2025-03-24 16:13:23.041505687+00:00,77.0,16.99272006,17.084,0.0912799399999997,7.028555379999979,1540933
2025-03-27 10:09:42+00:00,2025-03-27 10:09:45.023795938+00:00,60.0,14.65302827,14.77,0.1169717299999995,7.01830379999997,1663581
2025-03-26 08:21:12+00:00,2025-03-26 08:21:12.147324052+00:00,615.0,16.03559606,16.047,0.011403940000001,7.013423100000615,1615578
2025-03-24 19:48:06+00:00,2025-03-24 19:48:06.063136028+00:00,102.02446933,16.9893606,17.058,0.0686393999999985,7.002898360129457,1547592
2025-03-24 19:55:58+00:00,2025-03-24 19:56:05.049568540+00:00,423.0,17.0295,17.046,0.0165000000000006,6.9795000000002645,1547835
2025-03-26 14:41:28+00:00,2025-03-26 14:41:28.490744390+00:00,40.0,13.987871,14.161,0.1731289999999994,6.925159999999977,1627366
2025-03-27 22:55:24+00:00,2025-03-27 22:55:24.737564445+00:00,80.0,14.84002232,14.926,0.0859776800000009,6.878214400000076,1687267
2025-03-26 19:17:16+00:00,2025-03-26 19:17:16.378800990+00:00,40.0,13.50620428,13.678,0.1717957200000004,6.871828800000017,1635916
2025-03-26 10:42:44+00:00,2025-03-26 10:42:47.045042464+00:00,218.43,16.25969039,16.291,0.0313096100000009,6.838958112300216,1619965
2025-03-26 09:28:00+00:00,2025-03-26 09:28:03.033663735+00:00,135.42805451,16.00958086,16.06,0.0504191399999989,6.828166040267176,1617648
2025-03-27 21:03:50+00:00,2025-03-27 21:03:58.020093991+00:00,100.4,14.76819572,14.836,0.0678042800000007,6.807549712000072,1683808
2025-03-26 16:14:22+00:00,2025-03-26 16:14:22.010551148+00:00,86.66590444,14.43602887,14.514,0.0779711299999998,6.757438501658808,1630246
2025-03-28 18:53:36+00:00,2025-03-28 18:53:36.052337531+00:00,100.0,13.61360408,13.681,0.0673959199999991,6.7395919999999165,1724411
2025-03-26 16:11:40+00:00,2025-03-26 16:11:40.001247035+00:00,1354.7,14.43602887,14.441,0.0049711300000012,6.734389811001717,1630162
2025-03-27 22:34:34+00:00,2025-03-27 22:34:34.465154439+00:00,269.37008061,15.02801502,15.053,0.024984980000001,6.73020607663952,1686621
2025-03-26 01:14:34+00:00,2025-03-26 01:14:34.168947695+00:00,162.68,16.33501854,16.376,0.0409814600000011,6.666863912800185,1602352
2025-03-26 15:45:38+00:00,2025-03-26 15:45:38.087178339+00:00,14.1879,14.01464163,14.484,0.4693583700000001,6.659209617723002,1629355
2025-03-25 10:34:54+00:00,2025-03-25 10:35:07.009721324+00:00,89.965,16.28702064,16.361,0.0739793599999991,6.655553122399925,1575082
2025-03-26 14:38:24+00:00,2025-03-26 14:38:24.037583732+00:00,29.1915,13.86062793,14.088,0.2273720699999994,6.637331781404985,1627271
2025-03-26 21:52:50+00:00,2025-03-26 21:52:50.351270621+00:00,89.0,13.91557607,13.99,0.07442393,6.623729770000002,1640738
2025-03-26 05:04:18+00:00,2025-03-26 05:04:28.418843967+00:00,272.79013075,15.64677499,15.671,0.0242250099999985,6.608343645319661,1609474
2025-03-26 10:46:06+00:00,2025-03-26 10:46:06.104134955+00:00,217.9,16.25969039,16.29,0.0303096099999997,6.604464018999949,1620070
2025-03-28 15:28:54+00:00,2025-03-28 15:28:54.690070334+00:00,85.60120708,13.64885303,13.726,0.0771469700000011,6.6038737545646455,1718065
2025-03-26 14:02:24+00:00,2025-03-26 14:02:24.202872577+00:00,100.0,14.35314636,14.419,0.0658536400000002,6.585364000000027,1626155
2025-03-26 15:50:40+00:00,2025-03-26 15:50:40.252036007+00:00,30.0,14.45309499,14.672,0.2189050100000003,6.567150300000009,1629511
2025-03-26 19:36:04+00:00,2025-03-26 19:36:07.096995645+00:00,77.49178899,13.78326915,13.868,0.0847308499999996,6.565945149143318,1636499
2025-03-28 16:50:40+00:00,2025-03-28 16:50:40.804563320+00:00,385.0,13.56200203,13.579,0.0169979700000002,6.544218450000097,1720600
2025-03-27 20:53:00+00:00,2025-03-27 20:53:00.267637885+00:00,100.5,14.60991249,14.675,0.0650875100000014,6.541294755000147,1683473
2025-03-26 15:15:56+00:00,2025-03-26 15:15:56.067918712+00:00,50.0,13.06926689,13.2,0.1307331099999995,6.536655499999977,1628434
2025-03-28 22:39:20+00:00,2025-03-28 22:39:21.775229486+00:00,48.93382592,13.17646179,13.31,0.1335382100000011,6.534535521808457,1731409
2025-03-26 13:55:26+00:00,2025-03-26 13:55:26.507129470+00:00,10559.493585,14.74538282,14.746,0.0006171800000007,6.5171082507984535,1625939
2025-03-24 12:40:00+00:00,2025-03-24 12:40:01.971622104+00:00,99.99997,17.08389143,17.149,0.0651085699999995,6.510855046742858,1534320
2025-03-26 08:42:34+00:00,2025-03-26 08:42:36.464314002+00:00,165.15,16.03559606,16.075,0.0394039399999996,6.5075606909999495,1616240
2025-03-26 14:00:54+00:00,2025-03-26 14:00:54.089509763+00:00,19.1482,14.09574745,14.432,0.3362525500000011,6.438631077910021,1626108
2025-03-25 11:57:42+00:00,2025-03-25 11:57:55.054778228+00:00,87.0,16.43110865,16.505,0.0738913500000002,6.428547450000021,1577649
2025-03-26 10:40:02+00:00,2025-03-26 10:40:03.133091890+00:00,219.1,16.25969039,16.289,0.029309610000002,6.421735551000459,1619882
2025-03-27 10:07:56+00:00,2025-03-27 10:07:56.189597262+00:00,60.0,14.65302827,14.76,0.1069717299999997,6.418303799999983,1663526
2025-03-26 04:27:06+00:00,2025-03-26 04:27:09.028536127+00:00,115.0,15.64149251,15.697,0.0555074899999983,6.383361349999808,1608321
2025-03-28 15:31:46+00:00,2025-03-28 15:31:47.042118973+00:00,58.85398535,13.64885303,13.757,0.1081469699999999,6.364880188026887,1718154
2025-03-26 15:02:40+00:00,2025-03-26 15:02:40.111225178+00:00,40.0,13.24313072,13.401,0.1578692799999999,6.314771199999996,1628023
2025-03-27 06:11:54+00:00,2025-03-27 06:11:54.661676204+00:00,78.9257441466699,14.42629975,14.506,0.0797002500000001,6.290401539925639,1656209
2025-03-26 09:08:12+00:00,2025-03-26 09:08:12.048585353+00:00,114.94318075,16.010337,16.065,0.0546630000000014,6.283139089337418,1617035
2025-03-27 21:43:56+00:00,2025-03-27 21:43:56.010204771+00:00,30.0,14.8788817,15.088,0.2091182999999983,6.273548999999949,1685051
2025-03-28 05:29:34+00:00,2025-03-28 05:29:34.032924881+00:00,52.9999943325,13.96412874,14.082,0.1178712600000011,6.247176111964695,1699486
2025-03-27 05:03:02+00:00,2025-03-27 05:03:03.063785454+00:00,168.495,14.44399789,14.481,0.0370021099999995,6.234670524449921,1654075
2025-03-26 10:38:48+00:00,2025-03-26 10:38:49.434605408+00:00,219.91,16.25969039,16.288,0.0283096100000008,6.225566335100192,1619843
2025-03-25 12:36:50+00:00,2025-03-25 12:36:55.081182303+00:00,121.34,16.54270973,16.594,0.0512902700000026,6.22356136180032,1578862
2025-03-25 00:12:16+00:00,2025-03-25 00:12:19.968927141+00:00,172.0,16.63795819,16.674,0.0360418100000003,6.199191320000068,1555781
2025-03-26 16:05:44+00:00,2025-03-26 16:05:44.027668801+00:00,58.58,14.14842404,14.254,0.1055759599999994,6.184639736799968,1629978
2025-03-26 15:17:08+00:00,2025-03-26 15:17:08.133356209+00:00,10.0,12.91233035,13.529,0.6166696500000004,6.166696500000004,1628472
2025-03-25 14:40:00+00:00,2025-03-25 14:40:00.097256868+00:00,50.544043640000005,16.57701092,16.699,0.1219890800000023,6.165821383123569,1582681
2025-03-27 12:11:40+00:00,2025-03-27 12:11:41.003330971+00:00,95.5,14.42987828,14.494,0.0641217199999992,6.12362425999993,1667362
2025-03-28 20:25:20+00:00,2025-03-28 20:25:31.221114861+00:00,74.989,13.32558959,13.407,0.0814104100000001,6.104885235490012,1727255
2025-03-28 19:57:44+00:00,2025-03-28 19:57:47.056337833+00:00,76.21817093,13.1872438,13.267,0.0797562000000002,6.078871684327287,1726399
2025-03-27 05:36:42+00:00,2025-03-27 05:36:43.079166112+00:00,180.0,14.42629975,14.46,0.0337002500000007,6.066045000000138,1655118
2025-03-26 16:23:22+00:00,2025-03-26 16:23:22.094410589+00:00,60.0,14.70907838,14.81,0.1009216200000011,6.055297200000069,1630525
2025-03-27 16:16:52+00:00,2025-03-27 16:17:01.593474414+00:00,56.5,14.37089826,14.478,0.1071017399999991,6.051248309999953,1674912
2025-03-27 14:49:54+00:00,2025-03-27 14:49:56.222371011+00:00,99.86,14.40943278,14.47,0.0605672200000011,6.048242589200114,1672267
2025-03-26 15:18:22+00:00,2025-03-26 15:18:22.261592533+00:00,50.9292,14.22254299,14.341,0.1184570099999984,6.032920753691919,1628510
2025-03-28 23:56:12+00:00,2025-03-28 23:56:27.003471425+00:00,144.2,13.35231957,13.394,0.0416804299999995,6.010318005999934,1733792
2025-03-24 14:37:00+00:00,2025-03-24 14:37:07.108688187+00:00,50.0,16.913,17.033,0.120000000000001,6.00000000000005,1537948
2025-03-26 15:04:38+00:00,2025-03-26 15:04:38.251652810+00:00,50.0,13.34737029,13.467,0.1196297099999998,5.9814854999999945,1628084
2025-03-26 15:39:04+00:00,2025-03-26 15:39:04.797890134+00:00,44.99,14.06107854,14.194,0.1329214600000003,5.980136485400017,1629152
2025-03-26 18:44:44+00:00,2025-03-26 18:44:44.434052609+00:00,133.0,13.88612297,13.931,0.0448770299999985,5.968644989999806,1634907
2025-03-24 01:49:40+00:00,2025-03-24 01:49:40.039063863+00:00,202.5,15.84091075,15.87,0.0290892499999984,5.890573124999676,1514212
2025-03-27 18:32:08+00:00,2025-03-27 18:32:08.545062630+00:00,246.0,14.53509469,14.559,0.0239053099999999,5.8807062599999895,1679106
2025-03-26 16:42:42+00:00,2025-03-26 16:42:43.698245607+00:00,50.0,14.44256027,14.56,0.1174397300000009,5.871986500000048,1631124
2025-03-24 04:38:42+00:00,2025-03-24 04:38:44.029434003+00:00,120.58,16.68161602,16.73,0.0483839800000005,5.834140308400066,1519452
2025-03-27 23:16:14+00:00,2025-03-27 23:16:22.012109603+00:00,49.0,14.66968876,14.788,0.1183112400000006,5.797250760000029,1687913
2025-03-26 16:03:16+00:00,2025-03-26 16:03:16.046515844+00:00,150.0,14.27159532,14.31,0.038404680000001,5.760702000000162,1629902
2025-03-26 14:35:24+00:00,2025-03-26 14:35:24.007774967+00:00,54.95098491,13.91753077,14.022,0.1044692299999994,5.740687081289287,1627178
2025-03-27 01:20:34+00:00,2025-03-27 01:20:35.379022578+00:00,30.0,14.45902068,14.65,0.1909793200000002,5.729379600000009,1647178
2025-03-26 01:18:14+00:00,2025-03-26 01:18:15.025533125+00:00,161.05,16.36347315,16.399,0.0355268500000001,5.721599192500018,1602466
2025-03-26 15:22:50+00:00,2025-03-26 15:22:50.107313830+00:00,40.0,14.69942203,14.842,0.1425779700000013,5.703118800000055,1628648
2025-03-26 16:15:14+00:00,2025-03-26 16:15:15.653906+00:00,30.0,14.43602887,14.626,0.18997113,5.6991339,1630273
